,5,count,cited,3
0,PLOS ONE,52807,37516,138769
1,ChemInform,45075,96,106
2,Applied Mechanics and Materials,44484,3926,6086
3,Scientific Reports,36015,28209,163886
4,PLoS ONE,31908,29001,229986
5,RSC Adv.,30638,25130,131938
6,Advanced Materials Research,30540,3149,4849
7,Cancer Research,23532,2895,19532
8,Journal of Physics: Conference Series,17402,4704,9240
9,Journal of the American College of Cardiology,16225,2882,39625
10,Physical Review B,15424,13283,96614
11,Procedia - Social and Behavioral Sciences,14140,3773,6917
12,Gastroenterology,14117,2046,22343
13,Value in Health,13712,990,2596
14,Science,13214,4671,152668
15,Annals of the Rheumatic Diseases,12579,1547,12056
16,Biophysical Journal,12369,2013,10499
17,The Journal of Urology,11811,1913,12073
18,Applied Physics Letters,11711,10078,71235
19,Procedia Engineering,11563,4487,9597
20,Proceedings of the National Academy of Sciences,11463,10377,154526
21,BMJ,10841,2917,22966
22,Physical Review D,10638,9190,74072
23,The Astrophysical Journal,10628,9593,102612
24,ACS Applied Materials & Interfaces,10274,9595,122247
25,The Journal of Physical Chemistry C,10042,9024,77677
26,Oncotarget,10010,4846,25203
27,Journal of Applied Physics,9947,8007,39313
28,Nature Communications,9880,9269,161031
29,Journal of Alloys and Compounds,9573,8650,59466
30,Optics Express,9569,8031,48873
31,International Journal of Computer Applications,9548,1123,1569
32,Annals of Oncology,9517,1603,15837
33,Nature,9399,5439,168609
34,Monthly Notices of the Royal Astronomical Society,9296,7942,72428
35,Medical Physics,9214,1840,7540
36,The Journal of the Acoustical Society of America,9147,1862,5723
37,International Journal of Radiation Oncology*Biology*Physics,9086,1914,11435
38,BioMed Research International,8965,6125,26119
39,Angewandte Chemie,8931,5460,42395
40,Angewandte Chemie International Edition,8916,6798,149065
41,Chem. Commun.,8551,8053,89515
42,Journal of Clinical Oncology,8444,2713,43193
43,Phys. Chem. Chem. Phys.,8286,7211,48265
44,Physical Review A,8150,6718,38636
45,Key Engineering Materials,8092,1366,2139
46,Physical Review Letters,8046,7523,116931
47,Journal of Biological Chemistry,7856,6691,44875
48,Chemistry - A European Journal,7765,5615,58002
49,Journal of the American Chemical Society,7730,7441,190405
50,Materials Science Forum,7689,1456,2640
51,Radiotherapy and Oncology,7643,1029,6946
52,The Journal of Chemical Physics,7619,6475,39611
53,Academy of Management Proceedings,7592,282,315
54,Energy Procedia,7561,4576,14193
55,Applied Surface Science,7470,6632,48382
56,Medicine & Science in Sports & Exercise,7437,807,5723
57,Physical Review E,7377,5792,29014
58,Indian Journal of Science and Technology,7218,591,755
59,Procedia Computer Science,7218,3005,6987
60,Alzheimer's & Dementia,7084,700,6217
61,Electrochimica Acta,7046,6462,57244
62,Endocrine Abstracts,6918,34,36
63,Ceramics International,6917,6089,37331
64,Acta Horticulturae,6742,1029,1475
65,Zootaxa,6713,2355,4930
66,International Journal of Cardiology,6669,4472,19922
67,Critical Care Medicine,6647,1468,12327
68,International Journal of Hydrogen Energy,6584,5812,41576
69,IOP Conference Series: Materials Science and Engineering,6436,1303,2347
70,Chest,6420,1199,8111
71,Journal of High Energy Physics,6409,5804,60455
72,Nanoscale,6344,5961,80300
73,European Journal of Cancer,6252,1210,9481
74,European Psychiatry,6216,457,1868
75,The Lancet,6157,3306,69826
76,Medicine,6087,3520,10614
77,Journal of Hepatology,6038,1729,18038
78,Frontiers in Psychology,6000,3875,16096
79,J. Mater. Chem. A,5982,5762,86311
80,Environmental Science and Pollution Research,5817,4149,18548
81,Science of The Total Environment,5814,5282,44146
82,Journal of Power Sources,5797,5236,69703
83,Open Forum Infectious Diseases,5780,419,1425
84,Gastrointestinal Endoscopy,5682,1367,7048
85,Journal of Hypertension,5663,1006,5280
86,Materials Letters,5648,4886,26675
87,European Urology Supplements,5611,242,332
88,Journal of Evolution of Medical and Dental Sciences,5604,99,110
89,MATEC Web of Conferences,5588,478,792
90,Mathematical Problems in Engineering,5526,2294,4757
91,Biochemical and Biophysical Research Communications,5479,4353,19843
92,Mediterranean Journal of Social Sciences,5462,150,170
93,Astronomy & Astrophysics,5439,4821,51260
94,IFAC-PapersOnLine,5408,1436,2396
95,International Journal of Molecular Sciences,5344,4262,24257
96,Neuro-Oncology,5329,739,5407
97,Dalton Trans.,5308,4726,33722
98,Journal of Vision,5296,885,2416
99,Sensors,5182,3883,20162
100,Environmental Science & Technology,5176,4734,52438
101,Food Chemistry,5174,4830,44951
102,EPJ Web of Conferences,5146,1193,2357
103,JOURNAL OF CLINICAL AND DIAGNOSTIC RESEARCH,5091,567,694
104,Analytical Chemistry,5075,4719,55486
105,Journal of Nanoscience and Nanotechnology,5067,2286,7011
106,Langmuir,5040,4578,35118
107,Organic Letters,4950,4740,60833
108,Fertility and Sterility,4851,1508,9963
109,Nursing Standard,4833,212,339
110,Industrial & Engineering Chemistry Research,4756,4043,25952
111,Optics Letters,4755,4035,24922
112,Nephrology Dialysis Transplantation,4730,839,5326
113,Journal of Allergy and Clinical Immunology,4704,1800,21388
114,Sensors and Actuators B: Chemical,4653,4392,46009
115,Bioresource Technology,4651,4367,45605
116,JAMA,4629,2268,46513
117,Tetrahedron Letters,4621,4076,20495
118,Optik - International Journal for Light and Electron Optics,4602,2512,7509
119,International Journal of Research in Engineering and Technology,4589,364,476
120,BMJ Open,4583,3253,14522
121,American Journal of Obstetrics and Gynecology,4572,1487,9334
122,The Journal of Physical Chemistry B,4557,3978,25570
123,kma - Das Gesundheitswirtschaftsmagazin,4546,0,0
124,Genetics and Molecular Research,4540,1954,3979
125,Journal of Materials Science: Materials in Electronics,4498,2686,7610
126,Archives of Disease in Childhood,4495,724,2988
127,Construction and Building Materials,4485,3764,22941
128,Applied Optics,4483,3056,10405
129,Molecules,4457,3536,18329
130,Frontiers in Microbiology,4448,3451,19132
131,Inorganic Chemistry,4431,4090,38116
132,The Scientific World Journal,4427,2753,8808
133,Chemical Engineering Journal,4371,4200,48195
134,The International Journal of Advanced Manufacturing Technology,4333,2670,10018
135,Energy,4319,3919,34663
136,Atherosclerosis,4318,1443,9684
137,Toxicology Letters,4300,885,5692
138,RSC Advances,4262,4140,41606
139,Journal of Cleaner Production,4247,3876,34984
140,Journal of Animal Science,4235,1064,3358
141,Planta Medica,4201,577,1659
142,Molecular Medicine Reports,4178,1038,1415
143,The Journal of Organic Chemistry,4151,3856,35970
144,Plastic and Reconstructive Surgery,4133,1739,8256
145,MMW - Fortschritte der Medizin,4128,91,113
146,Microscopy and Microanalysis,4127,783,1880
147,Applied Energy,4113,3901,51322
148,World Journal of Gastroenterology,4113,3361,20661
149,Desalination and Water Treatment,4106,2173,4954
150,Nucleic Acids Research,4084,3545,48488
151,Japanese Journal of Applied Physics,4084,2466,7839
152,Review of Scientific Instruments,4080,2675,9602
153,Journal of Applied Polymer Science,4051,2663,8579
154,Neurocomputing,4049,3383,21613
155,"ISPRS - International Archives of the Photogrammetry, Remote Sensing and Spatial Information Sciences",4041,681,1229
156,Geophysical Research Letters,4040,3510,25906
157,European Neuropsychopharmacology,4031,671,4564
158,Physics of Plasmas,4028,2996,13890
159,Frontiers in Plant Science,4020,3099,17175
160,ACS Nano,4004,3845,93745
161,BMC Public Health,3974,2986,14257
162,ECS Transactions,3966,1276,2363
163,Journal of Agricultural and Food Chemistry,3934,3498,22888
164,Advanced Materials,3910,3109,91940
165,Materials Science and Engineering: A,3895,3428,21553
166,Tumor Biology,3892,3026,13153
167,Journal of Vascular Surgery,3888,1246,8052
168,Clinical Neurophysiology,3888,1030,6159
169,SpringerPlus,3875,1843,4948
170,Chemosphere,3838,3418,25356
171,Applied Thermal Engineering,3836,3350,20617
172,Zeitschrift für Gastroenterologie,3817,136,376
173,Genome Announcements,3782,2167,5676
174,Fuel,3756,3472,31377
175,The Journal of Physical Chemistry A,3743,3140,18810
176,Oncology Letters,3722,670,842
177,Prace Naukowe Uniwersytetu Ekonomicznego we Wrocławiu,3694,7,7
178,Journal of Neuroscience,3694,3448,38252
179,Spectrochimica Acta Part A: Molecular and Biomolecular Spectroscopy,3690,3297,21518
180,BMC Genomics,3677,3106,22287
181,The Journal of Heart and Lung Transplantation,3675,833,6314
182,Asian Pacific Journal of Cancer Prevention,3644,2699,10706
183,The Annals of Thoracic Surgery,3626,2098,9869
184,Applied Mathematics and Computation,3590,2190,7394
185,Nano Letters,3589,3456,78274
186,Chinese Physics B,3519,1590,3861
187,Materials & Design,3517,3041,21689
188,New Scientist,3506,144,184
189,Blood,3499,2785,38950
190,Carbohydrate Polymers,3497,3291,31343
191,Neurology,3487,2095,19687
192,The Journal of Immunology,3480,2995,24083
193,Acta Crystallographica Section A Foundations and Advances,3475,199,2051
194,Procedia CIRP,3458,1811,5220
195,Journal of the Neurological Sciences,3455,1424,5830
196,Journal of the American College of Surgeons,3438,814,5784
197,International Journal of Surgery,3424,873,3940
198,CrystEngComm,3418,3030,22281
199,IEEE Transactions on Magnetics,3383,2185,7774
200,Osteoarthritis and Cartilage,3375,930,6175
201,Bioorganic & Medicinal Chemistry Letters,3375,2791,13634
202,Journal of Minimally Invasive Gynecology,3371,582,2697
203,Frontiers in Bioengineering and Biotechnology,3368,316,1657
204,Tidsskrift for Den norske legeforening,3365,534,1019
205,Gut,3361,840,9532
206,Drug and Alcohol Dependence,3355,1210,7309
207,Renewable and Sustainable Energy Reviews,3349,3202,49250
208,International Journal of Heat and Mass Transfer,3337,2810,20054
209,Physical Review C,3323,2773,18694
210,Journal of Virology,3323,2828,19824
211,J. Mater. Chem. C,3318,3054,26897
212,Case Reports,3306,973,1454
213,Tetrahedron,3294,2848,16189
214,European Journal of Public Health,3291,60,383
215,Carbon,3267,2840,34141
216,International Journal of Infectious Diseases,3263,819,4012
217,Acta Ophthalmologica,3258,598,2160
218,"Nuclear Instruments and Methods in Physics Research Section A: Accelerators, Spectrometers, Detectors and Associated Equipment",3235,2038,7700
219,Journal of Magnetism and Magnetic Materials,3235,2569,15790
220,Environmental Earth Sciences,3232,1983,6151
221,Frontiers in Human Neuroscience,3224,1942,11384
222,Antimicrobial Agents and Chemotherapy,3217,2545,15943
223,Vaccine,3196,2678,17117
224,Journal of Chromatography A,3195,2852,21805
225,Gynecologic Oncology,3177,1152,8747
226,The Spine Journal,3148,982,5380
227,Energy Conversion and Management,3126,2973,33532
228,International Journal of Environmental Research and Public Health,3079,2267,9647
229,"Heart, Lung and Circulation",3073,527,1854
230,The American Journal of Cardiology,3070,1633,10192
231,Thin Solid Films,3056,2349,10467
232,Org. Biomol. Chem.,3055,2681,16508
233,Pan African Medical Journal,3036,452,709
234,Jurnal Teknologi,3032,264,358
235,Bulletin of the Center for Children's Books,3019,1,1
236,Advanced Functional Materials,3007,2379,41300
237,Electronics Letters,3001,1864,6545
238,Clinical Cancer Research,2988,1936,21170
239,Journal of the Korea Academia-Industrial cooperation Society,2980,627,1022
240,BMC Cancer,2977,2451,12780
241,Chemistry of Materials,2975,2836,48138
242,Nanotechnology,2963,2359,13413
243,Procedia Economics and Finance,2947,759,1267
244,Energy & Fuels,2946,2451,14524
245,Macromolecules,2938,2771,29506
246,Soft Matter,2936,2621,20173
247,Free Radical Biology and Medicine,2924,1222,10867
248,The Journal of Thoracic and Cardiovascular Surgery,2921,1811,11213
249,Obstetrics & Gynecology,2915,1057,7628
250,"Актуальные направления научных исследований XXI века: теория и практика,Actual directions of scientific researches of the XXI century: theory and practice",2901,4,4
251,Journal of Physics D: Applied Physics,2898,2169,10171
252,"Oral Surgery, Oral Medicine, Oral Pathology and Oral Radiology",2882,584,1920
253,eLife,2878,2368,23207
254,Доклады Академии наук,2875,57,98
255,Biology of Blood and Marrow Transplantation,2873,985,6755
256,Journal of Mathematical Analysis and Applications,2872,1747,5400
257,Annales d'Endocrinologie,2870,122,295
258,World Neurosurgery,2866,1585,5882
259,Journal of Visualized Experiments,2851,1045,1839
260,The American Historical Review,2850,63,118
261,AIP Advances,2850,1772,6072
262,Annales de Dermatologie et de Vénéréologie,2832,220,383
263,Optics Communications,2825,2124,8447
264,Biosensors and Bioelectronics,2824,2713,39910
265,Journal of Investigative Dermatology,2817,1156,9136
266,Canadian Journal of Cardiology,2807,776,4571
267,NeuroImage,2800,2612,30638
268,Clinical Nutrition,2796,581,4114
269,Physiotherapy,2796,201,743
270,New J. Chem.,2783,2380,12851
271,Journal of Vascular and Interventional Radiology,2777,726,3100
272,Anal. Methods,2768,2134,8172
273,RöFo - Fortschritte auf dem Gebiet der Röntgenstrahlen und der bildgebenden Verfahren,2767,161,409
274,Transportation Research Record: Journal of the Transportation Research Board,2764,1117,2507
275,International Journal of Engineering Research and,2756,27,30
276,Sustainability,2741,1970,7635
277,Critical Care,2739,1305,9816
278,Physica A: Statistical Mechanics and its Applications,2735,2143,10640
279,Ultrasound in Obstetrics & Gynecology,2735,688,4620
280,Journal of Materials Science,2734,2208,10421
281,Phytotaxa,2718,1045,2491
282,Revue des Maladies Respiratoires,2705,183,354
283,Journal of Molecular Structure,2704,2150,8628
284,Surface and Coatings Technology,2703,2228,11691
285,Journal of Computational and Theoretical Nanoscience,2684,343,1300
286,Talanta,2676,2470,19351
287,Renewable Energy,2672,2453,20670
288,BMJ Case Reports,2651,303,384
289,Cell Reports,2632,2430,29472
290,BMC Infectious Diseases,2628,1635,8324
291,Polymer,2616,2292,16303
292,Energy and Buildings,2609,2328,18555
293,International Journal of Engineering Trends and Technology,2608,161,232
294,Applied Microbiology and Biotechnology,2606,2160,13228
295,Journal of Cardiac Failure,2605,443,2301
296,European Journal of Surgical Oncology (EJSO),2605,668,3738
297,Investigative Opthalmology & Visual Science,2600,1965,9844
298,International Journal of Advanced Research,2600,16,17
299,New England Journal of Medicine,2599,2238,116827
300,Materials Science and Engineering: C,2596,2420,18821
301,Journal of Dairy Science,2593,2125,10605
302,Acta Ecologica Sinica,2591,126,258
303,Analytical and Bioanalytical Chemistry,2588,1995,11697
304,Chemical Physics Letters,2586,1892,7930
305,Journal of Surgical Research,2586,1285,5508
306,Physics Letters B,2586,2148,21179
307,HPB,2574,374,2155
308,International Journal of Biological Macromolecules,2570,2246,14915
309,Journal of Physics: Condensed Matter,2567,1778,8003
310,PeerJ,2567,1737,7492
311,Gene,2566,2062,10124
312,International Journal of Pharmaceutics,2562,2188,15160
313,Atmospheric Chemistry and Physics Discussions,2557,897,1717
314,Geburtshilfe und Frauenheilkunde,2557,156,377
315,The Journal of Clinical Endocrinology & Metabolism,2556,2153,20522
316,European Journal of Organic Chemistry,2528,2122,12760
317,Experimental and Therapeutic Medicine,2522,452,593
318,Journal of Molecular Liquids,2519,2084,14885
319,Current Biology,2516,1875,20181
320,New Journal of Physics,2512,2148,15205
321,The Analyst,2508,2291,17551
322,Personality and Individual Differences,2507,1463,6548
323,The Journal of Pediatrics,2506,1438,8857
324,IEEE Transactions on Applied Superconductivity,2504,1509,5628
325,Composite Structures,2502,2255,16920
326,Archives de Pédiatrie,2497,347,589
327,IEEE Sensors Journal,2483,1894,9479
328,Applied Physics A,2480,1560,5299
329,Atmospheric Environment,2477,2158,14095
330,World Chinese Journal of Digestology,2475,65,70
331,Journal of Hydrology,2474,2137,14112
332,Colloids and Surfaces A: Physicochemical and Engineering Aspects,2468,2083,11928
333,La Revue de Médecine Interne,2467,299,783
334,Pancreatology,2466,327,1222
335,Physics Procedia,2461,1034,2254
336,PM&R,2457,419,1416
337,Journal of Colloid and Interface Science,2455,2298,19167
338,Atmospheric Chemistry and Physics,2453,2096,13442
339,IOSR Journal of Dental and Medical Sciences,2441,117,136
340,Circulation,2440,1618,27603
341,Journal of Thermal Analysis and Calorimetry,2438,1823,6849
342,Journal of Turkish Studies,2437,23,23
343,Schizophrenia Research,2432,1204,8743
344,Urology,2427,1309,6402
345,Neuroscience,2427,2106,13607
346,Clinical Infectious Diseases,2424,1829,18155
347,Quaternary International,2417,1832,8429
348,Remote Sensing,2416,1991,11369
349,Acta Physica Polonica A,2414,879,1780
350,Journal of Geophysical Research: Atmospheres,2414,1863,9716
351,The Journal of Physical Chemistry Letters,2414,2230,35569
352,PEDIATRICS,2409,1762,16638
353,Heart,2408,822,5483
354,Multimedia Tools and Applications,2404,1078,2802
355,Interactive CardioVascular and Thoracic Surgery,2400,698,2241
356,European Journal of Medicinal Chemistry,2393,2246,17919
357,Frontiers in Immunology,2391,1628,14096
358,Journal of Hazardous Materials,2390,2233,24540
359,Annals of Physical and Rehabilitation Medicine,2381,199,592
360,Plant Disease,2381,1196,3412
361,Evidence-Based Complementary and Alternative Medicine,2381,1537,4492
362,EPL (Europhysics Letters),2378,1710,7819
363,Digestive and Liver Disease,2377,577,2702
364,Advanced Science Letters,2377,236,458
365,Bioinformatics,2375,1817,22826
366,Small,2374,1796,23723
367,ACS Catalysis,2372,2292,39705
368,Biomaterials,2372,2279,38252
369,Journal of Membrane Science,2367,2206,27194
370,Crystal Growth & Design,2363,2094,16340
371,Journal of Geophysical Research: Space Physics,2363,1783,9939
372,Proceedings of the Water Environment Federation,2359,37,41
373,Physica Medica,2357,481,1799
374,Archives of Physical Medicine and Rehabilitation,2353,872,5498
375,Oncology Reports,2352,739,1100
376,Applied and Environmental Microbiology,2337,2000,13539
377,Annals of Emergency Medicine,2336,596,3303
378,Wireless Personal Communications,2334,1123,3417
379,Journal of Biotechnology,2332,1033,5352
380,Information Sciences,2320,2032,19676
381,IOP Conference Series: Earth and Environmental Science,2308,362,564
382,Journal of Medicinal Chemistry,2303,2138,23592
383,BMC Research Notes,2301,1541,4975
384,International Journal of Research in Medical Sciences,2300,118,151
385,Energies,2285,1729,7570
386,Acta Materialia,2284,2045,21900
387,Journal of Craniofacial Surgery,2275,916,2200
388,The American Journal of Emergency Medicine,2272,1224,3930
389,IEEE Transactions on Industrial Electronics,2270,2090,30807
390,Diabetes Research and Clinical Practice,2256,721,4744
391,Journal of Nuclear Materials,2251,1803,9151
392,Journal of Electronic Materials,2249,1334,4406
393,Water Research,2249,2081,24379
394,IFAC Proceedings Volumes,2248,878,1643
395,Annals of Surgical Oncology,2245,1725,10182
396,Materials Chemistry and Physics,2245,1856,8457
397,Journal of Radioanalytical and Nuclear Chemistry,2244,1271,3287
398,Biochemistry,2240,1924,10950
399,Industrial Crops and Products,2238,1956,13041
400,Neuroscience Letters,2224,1736,7869
401,Acta Societatis Botanicorum Poloniae,2219,1301,4588
402,Journal of Luminescence,2216,1915,11384
403,The Journal of the Korea Contents Association,2210,255,389
404,British Journal of Medicine and Medical Research,2210,264,405
405,Transplantation Proceedings,2210,1227,3036
406,Journal of Cardiovascular Magnetic Resonance,2205,535,2628
407,Thorax,2203,614,4524
408,Colloids and Surfaces B: Biointerfaces,2199,2006,15284
409,European Journal of Inorganic Chemistry,2198,1632,7838
410,Im Focus Onkologie,2197,4,4
411,Computers in Human Behavior,2192,1907,13627
412,LWT - Food Science and Technology,2190,1930,10950
413,Microwave and Optical Technology Letters,2188,1049,2638
414,Anesthesia & Analgesia,2187,1074,6847
415,Nuclear Instruments and Methods in Physics Research Section B: Beam Interactions with Materials and Atoms,2185,1552,5113
416,Applied Catalysis B: Environmental,2183,2044,39368
417,IEEE Transactions on Antennas and Propagation,2182,1740,12208
418,British Journal of Dermatology,2170,1499,8346
419,Journal of Instrumentation,2167,1259,4083
420,IEEE Transactions on Vehicular Technology,2163,1611,10857
421,Journal of Fluid Mechanics,2160,1762,10203
422,Journal of Evidence Based Medicine and Healthcare,2159,36,39
423,Powder Technology,2156,1857,11886
424,Molecular Therapy,2153,620,6366
425,Expert Systems with Applications,2152,1955,17118
426,Annals of Internal Medicine,2150,937,12750
427,Bioorganic & Medicinal Chemistry,2144,1818,9905
428,BMC Health Services Research,2141,1409,5754
429,Global Heart,2133,201,686
430,Environmental Monitoring and Assessment,2128,1505,5322
431,J. Mater. Chem. B,2128,1934,15118
432,Psychiatry Research,2128,1633,7996
433,Journal of Ethnopharmacology,2121,1786,10313
434,Journal of Clinical Microbiology,2117,1600,9900
435,Trials,2115,1254,5272
436,Journal of Computational Physics,2111,1670,10705
437,Proceedings of the International Astronomical Union,2105,46,66
438,Journal of Affective Disorders,2103,1848,12659
439,Parasites & Vectors,2100,1645,9867
440,Solid State Phenomena,2094,407,708
441,Materials,2091,1557,7752
442,Nonlinear Dynamics,2090,1629,10194
443,Chemical Communications,2083,2068,39321
444,Resuscitation,2076,941,7729
445,Journal of Physical Therapy Science,2072,1263,3822
446,F1000Research,2067,637,1253
447,Marine Pollution Bulletin,2066,1737,11063
448,Acta Universitatis Agriculturae et Silviculturae Mendelianae Brunensis,2061,561,1071
449,IEEE Transactions on Power Electronics,2053,1926,28719
450,Journal of Cosmology and Astroparticle Physics,2053,1869,17656
451,Advances in Mechanical Engineering,2053,737,1409
452,Organometallics,2048,1906,15502
453,Polym. Chem.,2048,1900,18515
454,Stroke,2047,1568,13503
455,DMW - Deutsche Medizinische Wochenschrift,2046,280,474
456,European Journal of Operational Research,2039,1789,13679
457,Asian Social Science,2038,234,351
458,Optical Engineering,2035,933,2407
459,Chem. Sci.,2028,1957,29373
460,Composites Part B: Engineering,2020,1901,17564
461,Pathology,2007,309,1109
462,BioResources,2002,778,1621
463,Surgical Endoscopy,2000,1399,6873
464,Internal Medicine,1999,1009,2249
465,Journal of Mechanical Engineering,1998,423,681
466,European Journal of Pharmacology,1995,1691,9215
467,American Journal of Public Health,1993,1494,10687
468,Abstract and Applied Analysis,1987,799,1600
469,Acta Geologica Sinica - English Edition,1985,480,1049
470,IEEE Transactions on Electron Devices,1982,1560,8401
471,Computational Materials Science,1980,1634,8625
472,IEEE Photonics Technology Letters,1974,1524,7485
473,Pediatric Critical Care Medicine,1969,607,2931
474,Journal of Lightwave Technology,1962,1556,10416
475,Analytica Chimica Acta,1957,1770,16588
476,Materials Research Bulletin,1951,1693,9439
477,Frontiers in Neuroscience,1949,1265,7702
478,Journal of Oral and Maxillofacial Surgery,1934,849,3398
479,Communications in Statistics - Theory and Methods,1932,479,904
480,Journal of Nanomaterials,1917,1056,2956
481,Cell,1914,1630,64715
482,Journal of the Korean Physical Society,1910,762,1563
483,Polyhedron,1903,1529,6773
484,Environmental Pollution,1896,1699,13913
485,Journal of the American Geriatrics Society,1895,1140,6560
486,JACC: Cardiovascular Interventions,1886,871,7395
487,Brain Research,1885,1567,8459
488,Journal of Digital Convergence,1884,245,361
489,Journal of Crystal Growth,1884,1434,5888
490,Neuromuscular Disorders,1881,410,2071
491,Journal of Pain and Symptom Management,1879,587,3156
492,Physics Letters A,1878,1372,5899
493,European Journal of Hospital Pharmacy,1876,108,170
494,The Laryngoscope,1875,1209,5392
495,Measurement,1870,1360,6592
496,Endoscopy,1866,585,2676
497,The European Physical Journal C,1866,1590,16184
498,JAMA Internal Medicine,1865,1113,12140
499,Behavioural Brain Research,1860,1643,9760
500,Engineering Structures,1859,1549,7364
501,Journal of The Electrochemical Society,1856,1283,4752
502,Journal of Physics A: Mathematical and Theoretical,1854,1275,4966
503,Hepatology,1850,1250,19067
504,Earth and Planetary Science Letters,1847,1614,14091
505,Journal of Controlled Release,1847,1527,19178
506,IEEE Transactions on Plasma Science,1845,1137,3501
507,Fusion Engineering and Design,1843,1188,4270
508,Revue Neurologique,1842,197,614
509,Journal of the American Academy of Dermatology,1839,1169,8315
510,Revue de Chirurgie Orthopédique et Traumatologique,1836,5,5
511,The Lancet Oncology,1833,1015,26234
512,American Journal of Infection Control,1826,853,3465
513,European Journal of Obstetrics & Gynecology and Reproductive Biology,1823,896,3287
514,Nutrients,1822,1452,8973
515,The Journal of Maternal-Fetal & Neonatal Medicine,1821,848,2109
516,Journal of Environmental Management,1819,1481,8870
517,Neurosurgery,1816,911,4908
518,Journal of Cystic Fibrosis,1812,402,2394
519,Proceedings of the Royal Society B: Biological Sciences,1810,1609,14692
520,Veterinary Record,1804,548,1728
521,Thrombosis Research,1802,1097,5213
522,American Journal of Respiratory and Critical Care Medicine,1802,1237,14005
523,Current Pharmaceutical Design,1799,1345,6954
524,Journal of Mechanical Science and Technology,1797,1045,2856
525,Solar Energy,1797,1589,12338
526,The Journal of Pain,1796,451,3038
527,Asian Journal of Chemistry,1795,239,354
528,Physica B: Condensed Matter,1794,1286,5281
529,"Journal of Neurology, Neurosurgery & Psychiatry",1794,611,4717
530,Chemical Engineering Science,1794,1541,9590
531,Materials Research Innovations,1791,440,749
532,Acta Optica Sinica,1784,103,129
533,Physics of Fluids,1779,1368,6414
534,MRS Proceedings,1778,360,567
535,Mitochondrial DNA,1776,830,1846
536,International Journal of Epidemiology,1776,683,5592
537,Cancer,1774,1297,11487
538,PLOS Neglected Tropical Diseases,1773,1391,7208
539,British Journal of Sports Medicine,1773,785,5582
540,BMC Bioinformatics,1772,1290,6443
541,Malaria Journal,1769,1361,7289
542,The Thoracic and Cardiovascular Surgeon,1769,147,368
543,Placenta,1768,527,2671
544,Journal of Industrial and Engineering Chemistry,1767,1652,14798
545,Journal of the Electrochemical Society,1766,1606,11443
546,Social Science & Medicine,1765,1460,9196
547,Injury,1761,1193,5432
548,Clinical Orthopaedics and Related Research®,1759,1011,6049
549,Nanoscale Research Letters,1757,1458,8358
550,Sexually Transmitted Infections,1753,418,1655
551,Applied Soft Computing,1751,1542,11649
552,IEEE Communications Letters,1750,1261,6213
553,"International Journal of Reproduction, Contraception, Obstetrics and Gynecology",1749,71,81
554,Applied Mathematical Modelling,1747,1335,6995
555,Journal of the American Academy of Child & Adolescent Psychiatry,1744,362,3814
556,Applied Mathematical Sciences,1743,309,586
557,Asian Journal of Research in Social Sciences and Humanities,1741,12,17
558,Appetite,1740,1036,6971
559,The Journal of Arthroplasty,1737,1413,8940
560,IEEE Transactions on Geoscience and Remote Sensing,1733,1508,13438
561,Pneumologie,1733,75,165
562,Journal of the American Ceramic Society,1732,1327,7359
563,Metallurgical and Materials Transactions A,1732,1226,4926
564,"Research Journal of Applied Sciences, Engineering and Technology",1730,144,184
565,Food Control,1729,1586,12090
566,International Journal of Oral and Maxillofacial Surgery,1727,583,2388
567,ChemCatChem,1725,1153,9661
568,Materials Science in Semiconductor Processing,1724,1437,7802
569,Chemie Ingenieur Technik,1722,334,919
570,Surgery for Obesity and Related Diseases,1721,637,3932
571,Molecular Neurobiology,1718,1265,6075
572,Historische Zeitschrift,1715,3,3
573,The Journal of Emergency Medicine,1714,626,2072
574,Molecular Cancer Therapeutics,1713,790,5484
575,Separation and Purification Technology,1711,1562,10870
576,Natural Hazards,1711,1136,4043
577,Water Resources Research,1709,1297,10362
578,European Geriatric Medicine,1708,243,609
579,Journal of Chemical Theory and Computation,1699,1573,15473
580,Annals of Surgery,1699,1118,12917
581,Journal of the Academy of Nutrition and Dietetics,1697,493,2974
582,Canadian Medical Association Journal,1696,417,1935
583,Microporous and Mesoporous Materials,1693,1510,10633
584,ChemPhysChem,1693,1144,7153
585,Journal of Pharmaceutical and Biomedical Analysis,1691,1435,9042
586,Journal of Chromatography B,1691,1376,6911
587,Journal of Natural Gas Science and Engineering,1690,1322,6763
588,Fish & Shellfish Immunology,1690,1292,7861
589,Rheumatology,1689,826,4811
590,International Journal of Cancer,1687,1448,13474
591,Journal of Biomechanics,1686,1342,7212
592,European Spine Journal,1685,1123,4484
593,Science Signaling,1682,498,4959
594,American Journal of Roentgenology,1682,1319,7561
595,European Urology,1680,1091,20052
596,Optical Materials,1680,1303,5967
597,Journal of Crohn's and Colitis,1679,711,4572
598,Oncology Times,1678,31,34
599,Applied Biochemistry and Biotechnology,1678,1270,5068
600,International Journal of Distributed Sensor Networks,1678,903,2466
601,Physical Chemistry Chemical Physics,1677,1646,21651
602,Physics in Medicine and Biology,1676,1302,7090
603,Catalysis Today,1674,1443,12730
604,IEEE Transactions on Wireless Communications,1671,1416,14225
605,The Medical Journal of Australia,1669,641,2339
606,Journal of Neurophysiology,1665,1232,4785
607,Cancer Epidemiology Biomarkers & Prevention,1664,709,4700
608,Solar Energy Materials and Solar Cells,1662,1521,14450
609,Journal of Climate,1659,1490,13261
610,Eastern-European Journal of Enterprise Technologies,1659,46,56
611,Development,1656,1218,11070
612,Ecology and Evolution,1654,1202,5375
613,Journal of Antimicrobial Chemotherapy,1648,1327,8419
614,IOSR Journal of Humanities and Social Science,1647,43,45
615,Food Research International,1646,1434,10744
616,Emerging Infectious Diseases,1644,1344,13172
617,Ecological Engineering,1639,1404,7823
618,European Heart Journal,1637,1200,20475
619,Synlett,1636,1198,4832
620,Ecological Indicators,1634,1462,10708
621,Materials Today: Proceedings,1634,603,1181
622,Leukemia & Lymphoma,1632,1004,3138
623,Journal of Materials Engineering and Performance,1631,1014,3329
624,Ophthalmology,1628,1055,11316
625,Chemistry Letters,1627,1156,5513
626,BJOG: An International Journal of Obstetrics & Gynaecology,1627,774,4515
627,Procedia Technology,1627,660,1537
628,Energy Policy,1625,1417,12694
629,Journal of Separation Science,1623,1340,6517
630,Parkinsonism & Related Disorders,1623,884,5905
631,Frontiers in Physiology,1619,1213,7324
632,Acta Crystallographica Section E Crystallographic Communications,1618,524,891
633,Forest Ecology and Management,1617,1338,8377
634,New Phytologist,1616,1334,14332
635,Gait & Posture,1616,823,4274
636,Journal of Neurological Surgery Part B: Skull Base,1616,111,253
637,Physica Scripta,1615,1051,3817
638,Journal of Experimental Botany,1613,1476,13778
639,ACS Sustainable Chemistry & Engineering,1612,1469,13925
640,British Journal of Haematology,1612,1178,7762
641,Das Gesundheitswesen,1611,128,190
642,Journal of Clinical Neuroscience,1611,1063,3943
643,Global Spine Journal,1609,84,200
644,International Journal of Electrical Power & Energy Systems,1608,1444,11694
645,ZooKeys,1606,665,1899
646,Parasitology Research,1606,1225,6414
647,New Biotechnology,1605,277,1675
648,Chinese Journal of Lasers,1604,92,103
649,Journal of Sound and Vibration,1603,1300,6634
650,International Journal of Nanomedicine,1603,968,4114
651,British Journal of Oral and Maxillofacial Surgery,1603,504,1539
652,PLOS Genetics,1601,1275,7936
653,Diabetes & Metabolism,1599,209,1188
654,Medical Science Monitor,1599,1008,3063
655,Applied Catalysis A: General,1598,1452,12553
656,Journal of Infectious Diseases,1598,1254,8835
657,European Radiology,1593,1225,6919
658,British Journal of Cancer,1591,1344,12112
659,Der Freie Zahnarzt,1586,2,2
660,Geophysical Journal International,1583,1237,5993
661,Acta Biomaterialia,1582,1461,17622
662,Scientia Horticulturae,1579,1141,4313
663,ChemSusChem,1579,1137,14885
664,Neuron,1579,1329,28107
665,CME,1578,6,7
666,Annals of Nuclear Energy,1576,1077,3710
667,Catal. Sci. Technol.,1576,1441,11908
668,Renaissance Quarterly,1576,24,26
669,International Journal of Surgery Case Reports,1573,710,1338
670,Cell Cycle,1571,1059,4609
671,Inorganica Chimica Acta,1570,1267,5846
672,Annals of Vascular Surgery,1570,793,2445
673,FEBS Letters,1569,1245,8400
674,Superlattices and Microstructures,1568,1220,5527
675,Annals of Global Health,1568,177,557
676,The Journal of Physiology,1564,1176,7351
677,International Journal of Oncology,1562,558,927
678,International Journal of Advanced Computer Science and Applications,1557,140,236
679,Nihon Rinsho Geka Gakkai Zasshi (Journal of Japan Surgical Association),1556,59,66
680,"Knee Surgery, Sports Traumatology, Arthroscopy",1556,1158,5446
681,Journal of Stroke and Cerebrovascular Diseases,1555,1089,3914
682,Arabian Journal of Geosciences,1554,669,1586
683,Chinese Physics Letters,1553,564,1213
684,Journal of Electroanalytical Chemistry,1553,1267,7199
685,Clinical Lymphoma Myeloma and Leukemia,1551,394,1366
686,Journal of the Science of Food and Agriculture,1551,1031,4118
687,European Archives of Oto-Rhino-Laryngology,1551,881,2452
688,African Journal of Agricultural Research,1550,377,566
689,Cellular Physiology and Biochemistry,1546,1202,5157
690,Inflammatory Bowel Diseases,1544,832,5884
691,Revue d'Épidémiologie et de Santé Publique,1543,84,199
692,Occupational and Environmental Medicine,1540,409,1828
693,Epilepsy & Behavior,1540,1052,5276
694,European Respiratory Journal,1538,1108,8640
695,Natural Product Research,1537,1142,3610
696,Nuclear Engineering and Design,1536,973,2957
697,Science Translational Medicine,1535,819,18642
698,Proceedings of the American Mathematical Society,1535,658,1423
699,Journal of Mathematical Sciences,1528,260,428
700,The Journal of Laryngology & Otology,1526,458,1072
701,PsycCRITIQUES,1526,16,16
702,Journal of the European Academy of Dermatology and Venereology,1525,892,3715
703,Injury Prevention,1522,171,551
704,Arthritis & Rheumatology,1521,1159,11335
705,IEEE Transactions on Industry Applications,1520,1152,8239
706,Frontiers in Cellular Neuroscience,1517,1073,8139
707,Oncogene,1516,1277,8611
708,OncoTargets and Therapy,1512,663,1950
709,Advanced Synthesis & Catalysis,1511,1316,14062
710,Clinical Gastroenterology and Hepatology,1508,903,9169
711,Religious Studies Review,1504,4,5
712,Journal of Neurosurgery,1504,1101,7367
713,European Journal of Cardio-Thoracic Surgery,1503,944,4739
714,Journal of Strength and Conditioning Research,1503,978,3864
715,PLOS Pathogens,1503,1237,8358
716,Catheterization and Cardiovascular Interventions,1502,872,3652
717,Human Molecular Genetics,1501,1306,11681
718,Journal of Proteome Research,1497,1354,10575
719,Bulletin of the Korean Chemical Society,1497,803,1801
720,Agricultural and Forest Meteorology,1496,567,4202
721,Green Chem.,1496,1425,19935
722,Cell Death and Disease,1495,1298,10856
723,Journal of Central South University,1495,740,1675
724,JAIDS Journal of Acquired Immune Deficiency Syndromes,1495,985,6455
725,Journal of Organometallic Chemistry,1495,1224,6278
726,The American Journal of Tropical Medicine and Hygiene,1494,1084,5435
727,SID Symposium Digest of Technical Papers,1493,558,1534
728,Anesthesiology,1493,816,7208
729,Journal of Chemical & Engineering Data,1492,1195,5722
730,Geochimica et Cosmochimica Acta,1491,1260,11699
731,Diabetes Care,1491,1201,15699
732,Heilberufe,1491,2,3
733,Russian Journal of General Chemistry,1490,606,1166
734,Journal of Nanoparticle Research,1489,1128,4859
735,BMC Complementary and Alternative Medicine,1489,1171,4916
736,Journal of the European Ceramic Society,1489,1319,9487
737,Journal of Computational and Applied Mathematics,1486,1093,4526
738,Linear Algebra and its Applications,1485,896,2496
739,Journal of Geophysical Research: Oceans,1484,1208,6445
740,Fluid Phase Equilibria,1483,1214,6029
741,Transplantation,1483,1047,5896
742,Procedia Materials Science,1482,873,2309
743,Theoretical Computer Science,1476,775,2124
744,Journal of Materials Chemistry A,1474,1471,36676
745,Journal of Clinical Investigation,1474,1301,23171
746,Cancer Letters,1473,1331,11546
747,Journal of Business Research,1470,1159,7116
748,Biogeosciences Discussions,1469,600,1152
749,Journal of Superconductivity and Novel Magnetism,1467,829,2388
750,American Journal of Medical Genetics Part A,1467,1009,4081
751,Journal of Thoracic Oncology,1465,795,6716
752,Organic Electronics,1460,1308,9012
753,The Journal of Sexual Medicine,1460,701,3962
754,Journal of Adolescent Health,1459,722,5198
755,Ultrasound in Medicine & Biology,1458,729,3684
756,Journal of Clinical Virology,1457,668,3632
757,Journal of Algebra,1457,733,1551
758,Smart Materials and Structures,1456,1080,5284
759,Aquaculture,1454,1225,6905
760,Climate Dynamics,1454,1098,5576
761,IEEE Journal of Selected Topics in Applied Earth Observations and Remote Sensing,1454,1199,6524
762,IEEE Transactions on Signal Processing,1452,1248,11332
763,Ocean Engineering,1450,1008,4051
764,Arabian Journal for Science and Engineering,1450,773,2132
765,Journal of Pediatric Surgery,1449,987,4176
766,IEEE Transactions on Information Theory,1447,1092,7239
767,Radiology,1446,1134,13339
768,Political Studies Review,1445,44,110
769,Journal of Cell Science,1445,1066,7807
770,Journal of Cataract & Refractive Surgery,1444,743,3676
771,SHS Web of Conferences,1444,63,80
772,The American Journal of Medicine,1444,806,5014
773,Psychiatric News,1443,9,9
774,The Journal of Hand Surgery,1441,762,2939
775,Journal of Optics,1440,947,3220
776,International Journal of Pediatric Otorhinolaryngology,1439,865,2871
777,Supportive Care in Cancer,1438,1022,4232
778,IEEE Transactions on Power Systems,1437,1156,10362
779,Transportation Research Procedia,1436,451,1003
780,Journal of Mathematical Physics,1436,875,2662
781,Advanced Energy Materials,1436,1113,24468
782,Neurobiology of Aging,1435,1082,10736
783,Journal of International Social Research,1430,6,6
784,Archives of Cardiovascular Diseases Supplements,1429,8,8
785,American Journal of Transplantation,1428,1130,10171
786,Advances in Space Research,1428,1014,3802
787,Indian Heart Journal,1428,253,537
788,Endocrinology,1427,1197,7966
789,IEEE Antennas and Wireless Propagation Letters,1426,1156,6710
790,Anales de la Facultad de Medicina,1426,47,67
791,Digestive Diseases and Sciences,1421,957,4461
792,IEEE Transactions on Smart Grid,1421,1072,11332
793,American Journal of Clinical Pathology,1421,481,2218
794,Transactions of Nonferrous Metals Society of China,1419,1037,3499
795,Journal of Geophysical Research: Solid Earth,1416,1061,6780
796,Pediatric Blood & Cancer,1415,965,4058
797,Materials Research Express,1413,833,2321
798,IEEE Latin America Transactions,1409,343,537
799,World Journal of Surgery,1407,908,4105
800,Marine Ecology Progress Series,1405,1176,6036
801,Polymer Composites,1404,831,2342
802,Synthesis,1403,968,4227
803,Intensive Care Medicine,1403,957,7460
804,physica status solidi (a),1402,877,3326
805,Néphrologie & Thérapeutique,1400,147,220
806,Applied Economics,1399,607,1368
807,Corrosion Science,1396,1293,12537
808,Journal of Business Ethics,1395,889,3034
809,Sensors and Actuators A: Physical,1395,1105,5707
810,International Journal of Control and Automation,1392,241,365
811,South African Medical Journal,1392,350,730
812,International Journal of Production Research,1390,974,4112
813,Journal of Biomedical Optics,1390,964,4007
814,Journal of Nutrition Education and Behavior,1390,252,1225
815,Journal of Theoretical Biology,1387,1044,4983
816,ScienceRise,1386,7,7
817,Mediators of Inflammation,1383,1044,5160
818,Academic Medicine,1380,823,5572
819,Magnetic Resonance in Medicine,1380,1037,5700
820,Cytotherapy,1378,472,2772
821,The Journal of Cell Biology,1378,816,10481
822,Biogeosciences,1375,1177,7284
823,BMC Musculoskeletal Disorders,1374,979,3926
824,OALib,1372,57,61
825,Proceedings of the Human Factors and Ergonomics Society Annual Meeting,1371,309,572
826,"Water, Air, & Soil Pollution",1370,938,3144
827,European Journal of Anaesthesiology,1369,395,1627
828,Meat Science,1369,856,5666
829,Physiology & Behavior,1369,1116,5748
830,Eos,1368,96,184
831,Lung Cancer,1367,677,4510
832,Journal of the American Heart Association,1367,1071,6767
833,Journal of Non-Crystalline Solids,1365,1105,5148
834,Historical and social-educational ideas,1365,2,2
835,Progrès en Urologie,1364,231,462
836,Retina,1364,838,4955
837,Toxicon,1364,637,2884
838,Molecular Genetics and Metabolism,1363,471,2790
839,Circulation Journal,1362,976,5764
840,International Journal of Multimedia and Ubiquitous Engineering,1359,247,386
841,Icarus,1359,1217,8634
842,Journal of Functional Foods,1357,1178,8056
843,Journal of NeuroInterventional Surgery,1356,552,2314
844,IEEE Transactions on Image Processing,1352,1169,11542
845,Sleep Medicine,1352,660,4244
846,Biomacromolecules,1351,1277,13290
847,IEEE Geoscience and Remote Sensing Letters,1346,1049,6147
848,"Palaeogeography, Palaeoclimatology, Palaeoecology",1345,1086,5400
849,Journal of Cardiothoracic and Vascular Anesthesia,1344,622,2232
850,Geomorphology,1344,1141,7182
851,the Journal of Academic Social Sciences,1342,5,5
852,Ecotoxicology and Environmental Safety,1342,1202,8822
853,Kidney International,1341,1017,10420
854,IEEE Transactions on Automatic Control,1341,1037,10104
855,Journal of Solid State Chemistry,1340,1161,5730
856,mBio,1340,1134,10677
857,Dyes and Pigments,1338,1237,8534
858,BMJ Supportive & Palliative Care,1336,199,424
859,Heart Rhythm,1334,913,7491
860,Journal of Information and Computational Science,1332,206,264
861,Seibutsu Butsuri,1332,10,11
862,"Reproduction, Fertility and Development",1331,424,1229
863,Diabetes,1331,1082,10989
864,Chemistry - An Asian Journal,1330,987,7671
865,Human Vaccines & Immunotherapeutics,1330,887,3536
866,Molecular Ecology,1328,1194,11912
867,Applied Radiation and Isotopes,1326,821,2568
868,Clinical Therapeutics,1326,596,3109
869,Clinica Chimica Acta,1325,1063,5447
870,Obesity Surgery,1323,931,5076
871,Journal of the Physical Society of Japan,1322,903,3802
872,Arthroscopy: The Journal of Arthroscopic & Related Surgery,1319,837,6271
873,"Annals of Allergy, Asthma & Immunology",1319,617,3052
874,DNP - Der Neurologe und Psychiater,1317,20,21
875,IEEE Transactions on Nuclear Science,1316,865,3042
876,Transfusion,1316,917,4989
877,"Journal of Plastic, Reconstructive & Aesthetic Surgery",1313,740,2712
878,The American Journal of Sports Medicine,1311,1094,11499
879,The Lancet Infectious Diseases,1311,818,13320
880,Research on Chemical Intermediates,1309,778,1954
881,BDJ,1308,468,1240
882,International Immunopharmacology,1308,1103,5765
883,Nano Energy,1308,1235,23715
884,PAMM,1306,178,263
885,Measurement Science and Technology,1305,828,2559
886,European Polymer Journal,1305,1148,8058
887,Communications in Algebra,1303,411,708
888,Journal of Trauma and Acute Care Surgery,1302,940,5970
889,British Journal of Anaesthesia,1302,765,5632
890,The Journal of Dermatology,1302,684,1952
891,Journal of Experimental Biology,1302,892,5414
892,Laser & Optoelectronics Progress,1301,27,29
893,Journal of Chemical Education,1301,876,3235
894,Journal of Pharmaceutical Sciences,1301,1097,6317
895,Journal of the Taiwan Institute of Chemical Engineers,1301,1102,7514
896,"Journal of Physics B: Atomic, Molecular and Optical Physics",1298,924,3786
897,Journal of Medical Science And clinical Research,1297,0,0
898,Psychoneuroendocrinology,1295,845,7299
899,Transactions of the JSME (in Japanese),1294,296,413
900,Infection and Immunity,1294,1089,6148
901,Uro-News,1292,7,9
902,Acta Astronautica,1291,901,3908
903,Arabian Journal of Chemistry,1289,861,3551
904,British Journal of Nutrition,1288,1011,6312
905,Dental Materials,1287,524,3977
906,IEEE Transactions on Microwave Theory and Techniques,1287,939,5668
907,British Journal of General Practice,1287,420,1324
908,International Journal of Psychophysiology,1287,415,2321
909,Optics and Precision Engineering,1286,177,214
910,AIDS Research and Human Retroviruses,1284,493,1702
911,Microelectronics Reliability,1284,803,2894
912,Food Hydrocolloids,1284,1213,11771
913,Alimentary Pharmacology & Therapeutics,1283,908,8038
914,The Pediatric Infectious Disease Journal,1282,922,4549
915,NeuroTransmitter,1282,11,16
916,Molecular Pharmaceutics,1282,1200,9879
917,Poultry Science,1281,901,3713
918,Hydrobiologia,1279,907,2872
919,Economics Letters,1278,626,1492
920,Automatica,1278,1073,12671
921,International Journal of Theoretical Physics,1276,612,1780
922,Human Immunology,1274,413,1669
923,Remote Sensing of Environment,1274,1158,13481
924,Cardiovascular Research,1274,588,4485
925,Frontiers in Marine Science,1273,347,1394
926,Clinical Nuclear Medicine,1272,770,2539
927,InFo Neurologie & Psychiatrie,1271,12,12
928,Procedia Manufacturing,1271,404,685
929,Fuel Processing Technology,1270,1151,8845
930,Life Sciences,1269,1042,5479
931,International Journal of Medical Science and Public Health,1268,112,136
932,Journal of Inequalities and Applications,1266,327,624
933,Neural Computing and Applications,1265,701,2787
934,Biological Conservation,1265,1002,8151
935,Russian Chemical Bulletin,1264,526,1121
936,Radiation Protection Dosimetry,1263,627,1468
937,MD Conference Express,1261,2,3
938,International Journal of Current Microbiology and Applied Sciences,1261,66,79
939,Classical and Quantum Gravity,1257,981,6381
940,Journal of Pediatric Gastroenterology and Nutrition,1256,675,3701
941,Waste Management,1255,1125,8642
942,Neural Regeneration Research,1254,759,2314
943,Breast Cancer Research and Treatment,1253,981,5893
944,Biochimica et Biophysica Acta (BBA) - Bioenergetics,1252,505,4488
945,Tectonophysics,1252,1038,5272
946,International Journal of Pure and Apllied Mathematics,1251,95,153
947,African Journal of Biotechnology,1248,429,861
948,The FASEB Journal,1248,1020,7285
949,IEEE Transactions on Dielectrics and Electrical Insulation,1246,770,3147
950,Forensic Science International,1244,928,4478
951,Journal of Natural Products,1244,1091,6796
952,Soft Computing,1243,700,2374
953,Journal of Neuroimmunology,1243,531,2820
954,Applied Physics Express,1243,917,4704
955,American Journal of Ophthalmology,1242,891,6645
956,Philosophical Transactions of the Royal Society B: Biological Sciences,1241,1143,11239
957,Neuropharmacology,1241,1155,10867
958,Entropy,1240,871,3768
959,Journal of the Optical Society of America B,1240,909,3729
960,Semina: Ciências Agrárias,1240,103,119
961,Archives of Virology,1240,837,3504
962,Age and Ageing,1239,412,2693
963,Intensive Care Medicine Experimental,1239,132,325
964,Medicina Clínica,1238,432,1112
965,Astrophysics and Space Science,1238,810,3174
966,Russian Journal of Physical Chemistry A,1238,557,1087
967,Acta Crystallographica Section E Structure Reports Online,1237,517,955
968,Tribology International,1237,1065,5642
969,Surgery,1237,927,5802
970,Journal of General Internal Medicine,1232,676,3388
971,AIDS,1232,962,7457
972,Bulletin of Experimental Biology and Medicine,1231,484,884
973,Otolaryngology -- Head and Neck Surgery,1231,300,1199
974,Cytokine,1229,646,3544
975,PLOS Computational Biology,1229,989,4888
976,"Infection, Genetics and Evolution",1229,1008,5406
977,Radiation Physics and Chemistry,1227,877,3263
978,ANZ Journal of Surgery,1227,430,979
979,Virology,1222,1007,6138
980,Advances in Materials Science and Engineering,1221,534,1336
981,Chinese Medical Journal,1220,580,1167
982,International Journal of Solids and Structures,1220,996,5382
983,Molecular Crystals and Liquid Crystals,1219,490,979
984,Lab Chip,1215,1120,11217
985,Journal of Differential Equations,1214,818,3553
986,British Journal of Nursing,1213,278,539
987,Physics of the Solid State,1211,665,1678
988,Journal of Nuclear Medicine,1211,979,8280
989,British Journal of Applied Science & Technology,1210,196,277
990,Contraception,1210,491,2582
991,"Brain, Behavior, and Immunity",1208,699,7061
992,Veterinary Parasitology,1207,954,4931
993,Journal of Equine Veterinary Science,1206,348,819
994,Data in Brief,1205,556,946
995,The English Historical Review,1205,47,64
996,Journal of Epidemiology and Community Health,1205,471,2545
997,International Journal of Molecular Medicine,1205,419,638
998,IEEE Access,1203,744,4181
999,AIChE Journal,1203,860,5117
1000,Technology audit and production reserves,1202,5,6
1001,IEEE Transactions on Communications,1200,944,7780
1002,Physica E: Low-dimensional Systems and Nanostructures,1200,905,4895
1003,Molecular Cell,1200,1052,22260
1004,The American Journal of Gastroenterology,1199,666,7367
1005,Plant Physiology,1198,991,6241
1006,Journal of the American Society of Hypertension,1198,309,1491
1007,BMC Pregnancy and Childbirth,1197,891,4295
1008,IEEE Photonics Journal,1197,811,2906
1009,Journal of Shoulder and Elbow Surgery,1196,808,5205
1010,Microelectronic Engineering,1195,915,3789
1011,Cancer Immunology Research,1194,363,4026
1012,Biomedical Optics Express,1194,964,5119
1013,IEEE Electron Device Letters,1194,967,6219
1014,Theriogenology,1193,943,3630
1015,ChemBioChem,1192,865,4989
1016,ACTA PHOTONICA SINICA,1190,44,46
1017,Annals of Plastic Surgery,1189,744,2655
1018,Mechanik,1189,15,15
1019,The Journal of Rheumatology,1188,814,4133
1020,TELKOMNIKA Indonesian Journal of Electrical Engineering,1188,100,127
1021,American Journal of Neuroradiology,1187,843,4972
1022,Molecular Cancer Research,1187,376,2431
1023,Biomedicine & Pharmacotherapy,1187,885,3261
1024,Journal of Food Science and Technology,1185,740,2242
1025,Ciência & Saúde Coletiva,1184,535,1254
1026,Scripta Materialia,1180,1021,7499
1027,Environmental Toxicology and Chemistry,1180,924,5072
1028,Sovremennye issledovaniya sotsialnykh problem,1179,6,8
1029,Journal of Translational Medicine,1179,958,5721
1030,Applied Clay Science,1179,1028,6301
1031,Revista de Derecho Público,1178,1,2
1032,Catalysis Communications,1177,1078,7464
1033,SPIE Newsroom,1177,78,115
1034,Pharmacy Today,1177,17,19
1035,Frontiers in Pharmacology,1175,850,5190
1036,Journal of Materials Processing Technology,1175,1046,6652
1037,Brachytherapy,1174,322,1288
1038,Water,1174,857,2983
1039,Journal of Molecular Catalysis A: Chemical,1174,1045,8762
1040,Microsystem Technologies,1173,552,1391
1041,Thermal Science,1171,387,1000
1042,Journal of Materials Research,1170,785,2994
1043,ACS Chemical Biology,1169,960,8529
1044,Journal of Alzheimer's Disease,1168,857,2945
1045,Perspectives on Politics,1168,88,580
1046,Inorganic Chemistry Communications,1168,967,3795
1047,Desalination,1168,1070,11387
1048,Circulation Research,1167,875,13972
1049,SAGE Open,1166,357,878
1050,Neuropsychologia,1166,984,6202
1051,Journal of Applied Mathematics,1164,464,946
1052,International Journal of Dermatology,1163,635,1617
1053,Leukemia Research,1162,526,2337
1054,physica status solidi (b),1162,654,2489
1055,The Journal of Chemical Thermodynamics,1161,987,5483
1056,Global Change Biology,1158,939,12505
1057,British Journal of Pharmacology,1158,1038,10318
1058,Hydrology and Earth System Sciences Discussions,1157,426,818
1059,Anaesthesia,1156,676,3868
1060,European Journal of Vascular and Endovascular Surgery,1155,543,3391
1061,Annals of the American Thoracic Society,1153,703,4250
1062,Discrete Applied Mathematics,1153,642,1815
1063,BMC Psychiatry,1153,883,4636
1064,"Drug Design, Development and Therapy",1152,604,2102
1065,JAMA Ophthalmology,1152,651,4396
1066,Head & Neck,1152,598,2664
1067,Hypertension,1152,873,7232
1068,American Journal of Clinical Nutrition,1152,952,9733
1069,Plant and Soil,1151,895,4444
1070,Oxidative Medicine and Cellular Longevity,1150,918,4969
1071,Journal of American Association for Pediatric Ophthalmology and Strabismus,1150,264,676
1072,Journal of Environmental Chemical Engineering,1150,941,5522
1073,The American Journal of Surgery,1149,804,3962
1074,"Agriculture, Ecosystems & Environment",1148,975,7184
1075,JAMA Dermatology,1148,723,3713
1076,JDDG: Journal der Deutschen Dermatologischen Gesellschaft,1147,123,249
1077,IEICE Transactions on Information and Systems,1146,336,796
1078,Journal of the Korea Institute of Information and Communication Engineering,1146,176,226
1079,International Journal of Academic Research in Business and Social Sciences,1146,46,50
1080,Environmental Research,1145,979,7179
1081,Brain,1145,922,12330
1082,Journal of Asian Earth Sciences,1144,940,5216
1083,Journal of Food Engineering,1144,1004,7074
1084,Environmental Technology,1144,749,2316
1085,Molecular Biology Reports,1142,870,3671
1086,BJU International,1141,850,5935
1087,British Journal of Ophthalmology,1140,824,4350
1088,Clinical Microbiology and Infection,1140,952,8224
1089,"Journal of Microbiology, Immunology and Infection",1139,357,1121
1090,Frontiers in Genetics,1138,879,5830
1091,Plastic and Reconstructive Surgery - Global Open,1138,235,478
1092,Journal of Neurology,1138,841,4116
1093,Molecular Biology of the Cell,1138,966,5656
1094,Mathematical Methods in the Applied Sciences,1138,491,1232
1095,Journal of Medical Case Reports,1137,562,1151
1096,Building and Environment,1136,1015,8363
1097,Food and Chemical Toxicology,1135,950,7201
1098,Vacuum,1134,898,3771
1099,IEEE Signal Processing Letters,1133,875,5174
1100,Ecology,1133,891,7901
1101,"AJN, American Journal of Nursing",1133,135,382
1102,Economic Modelling,1132,865,3615
1103,Electroanalysis,1130,830,4054
1104,The Breast,1129,383,1878
1105,Archives of Clinical Neuropsychology,1128,211,698
1106,Environmental Research Letters,1127,934,7168
1107,Neurological Sciences,1125,723,2262
1108,Scientific American,1125,178,410
1109,Addiction,1123,839,5630
1110,Archives of Metallurgy and Materials,1123,277,475
1111,The Astronomical Journal,1121,910,6992
1112,International Journal of Hybrid Information Technology,1121,152,236
1113,IABSE Symposium Report,1121,50,54
1114,Europace,1121,701,4504
1115,Experimental Hematology,1120,282,1304
1116,Synthetic Metals,1120,918,4837
1117,Signal Processing,1120,963,6866
1118,Chemical Engineering Research and Design,1119,886,4916
1119,Journal of Solid State Electrochemistry,1119,825,3294
1120,International Orthopaedics,1117,853,3699
1121,Archives of Gynecology and Obstetrics,1115,751,2657
1122,Journal of Bacteriology,1114,867,4433
1123,Journal of Molecular Modeling,1113,761,2684
1124,"IEICE Transactions on Fundamentals of Electronics, Communications and Computer Sciences",1113,346,663
1125,International Journal of Modern Physics A,1113,671,3053
1126,High Power Laser and Particle Beams,1112,69,88
1127,ELECTROPHORESIS,1112,876,4573
1128,Journal of the Mechanical Behavior of Biomedical Materials,1111,960,5964
1129,Biochemical Journal,1110,932,6027
1130,Psychopharmacology,1110,919,5240
1131,EFSA Journal,1109,492,2271
1132,Muscle & Nerve,1108,742,3384
1133,Diabetologie und Stoffwechsel,1107,23,29
1134,Procedia Environmental Sciences,1107,414,843
1135,Leukemia,1103,914,8071
1136,Journal of Applied Physiology,1103,792,3718
1137,Otology & Neurotology,1101,712,3056
1138,Journal of Petroleum Science and Engineering,1100,823,3518
1139,West Indian Medical Journal,1100,42,54
1140,Acta Paediatrica,1098,715,2866
1141,Journal of Coastal Research,1097,499,1120
1142,Health Affairs,1097,727,5447
1143,Physics Today,1095,156,675
1144,Biomass and Bioenergy,1093,947,6743
1145,"Energy Sources, Part A: Recovery, Utilization, and Environmental Effects",1090,412,836
1146,Ciência Rural,1090,399,667
1147,Chemical Geology,1090,885,5883
1148,Spine,1086,859,5559
1149,OncoImmunology,1086,827,4367
1150,Clinical Biochemistry,1085,683,3050
1151,IMF Staff Country Reports,1085,3,4
1152,Journal of the American College of Radiology,1085,614,2478
1153,Science of Advanced Materials,1085,563,1647
1154,Bone,1083,861,6814
1155,International Higher Education,1083,60,87
1156,International Journal of Remote Sensing,1082,820,3000
1157,Journal of the American Society of Nephrology,1082,944,9371
1158,Osteoporosis International,1082,773,4438
1159,Canadian Journal of Diabetes,1082,247,783
1160,Journal of Food Science,1081,826,3445
1161,EuroIntervention,1079,725,4580
1162,ACM SIGPLAN Notices,1079,285,1439
1163,Korean Journal of Chemical Engineering,1078,782,2890
1164,Journal of Polymer Science Part A: Polymer Chemistry,1077,810,4611
1165,ISIJ International,1076,695,2189
1166,American Journal of Kidney Diseases,1075,804,7494
1167,Modern Physics Letters B,1075,421,994
1168,Frontiers in Behavioral Neuroscience,1074,912,5473
1169,International Journal of Computer Trends and Technology,1073,83,146
1170,PRZEGLĄD ELEKTROTECHNICZNY,1073,49,64
1171,Journal of Science and Medicine in Sport,1072,418,2585
1172,Der Deutsche Dermatologe,1072,1,1
1173,Endocrine,1071,780,3179
1174,European Journal of Radiology,1071,867,4816
1175,Atmospheric Measurement Techniques Discussions,1070,306,491
1176,Acta Neurochirurgica,1070,614,2234
1177,Chemistry of Natural Compounds,1070,391,747
1178,Genetics,1069,654,4885
1179,Quaternary Science Reviews,1068,935,8248
1180,IOSR Journal of Computer Engineering,1065,96,150
1181,International Journal of Systematic and Evolutionary Microbiology,1064,1024,5315
1182,International Journal of Climatology,1062,693,3063
1183,Solid State Ionics,1062,896,4684
1184,Nature Physics,1062,655,15819
1185,Human Reproduction,1060,873,6935
1186,Engineering & Technology,1060,50,68
1187,Molecular and Cellular Endocrinology,1058,913,6185
1188,Известия Российской академии наук. Серия физическая,1058,12,14
1189,JOM,1056,665,3060
1190,Geoderma,1056,930,6304
1191,Transactions of the American Mathematical Society,1055,554,1528
1192,Clinical Neurology and Neurosurgery,1055,711,2402
1193,Arthritis Research & Therapy,1055,863,6159
1194,Haematologica,1054,829,5675
1195,Communications in Nonlinear Science and Numerical Simulation,1054,911,6247
1196,World Journal of Surgical Oncology,1054,703,2296
1197,Water Resources Management,1054,871,4506
1198,Clinical Rheumatology,1053,737,2655
1199,Veterinary Microbiology,1053,858,4796
1200,GEOPHYSICS,1053,801,5045
1201,Preventive Medicine,1052,872,5446
1202,Physiological Reports,1051,721,2403
1203,Computer Methods in Applied Mechanics and Engineering,1050,894,7847
1204,Journal of Photochemistry and Photobiology B: Biology,1050,870,4920
1205,Journal for ImmunoTherapy of Cancer,1050,285,1519
1206,Pain Medicine,1049,625,2872
1207,Russian Journal of Organic Chemistry,1049,466,1004
1208,Electric Power Systems Research,1048,817,4689
1209,Knowledge-Based Systems,1047,920,7860
1210,Journal of Proteomics,1047,981,7237
1211,Chinese Chemical Letters,1047,894,3965
1212,Journal of Cancer Research and Therapeutics,1047,370,723
1213,Huisarts en wetenschap,1047,99,135
1214,American Journal of Health-System Pharmacy,1045,423,1230
1215,Military Medicine,1045,436,1143
1216,Nature Biotechnology,1045,794,22932
1217,International Journal of Gynecology & Obstetrics,1044,636,2154
1218,"International Journal of Signal Processing, Image Processing and Pattern Recognition",1043,179,281
1219,MATERIALS TRANSACTIONS,1043,527,1365
1220,Journal of Thoracic Disease,1043,184,266
1221,Canadian Urological Association Journal,1042,399,1086
1222,Advances in Difference Equations,1042,352,819
1223,Cornea,1042,722,3188
1224,The Classical Review,1041,11,134
1225,Dalton Transactions,1041,1019,12343
1226,International Journal of Food Microbiology,1041,922,6708
1227,IEEE Communications Magazine,1041,765,16121
1228,ChemistrySelect,1040,472,858
1229,International Journal of Production Economics,1040,894,8177
1230,The Journal of Academic Social Science Studies,1039,8,9
1231,Infection Control & Hospital Epidemiology,1038,739,3865
1232,Computers & Mathematics with Applications,1038,704,2821
1233,Journal of Statistical Mechanics: Theory and Experiment,1038,717,3368
1234,International Journal of Security and Its Applications,1038,168,260
1235,Disability and Rehabilitation,1038,604,1841
1236,Communications in Statistics - Simulation and Computation,1036,310,607
1237,Advances in Mathematics,1036,663,2222
1238,Maturitas,1034,517,3078
1239,Experimental Brain Research,1033,724,2926
1240,Combustion and Flame,1032,918,7747
1241,Frontiers in Neurology,1032,608,3465
1242,Journal of American History,1031,41,67
1243,Analytical Biochemistry,1031,849,4060
1244,African Journal of Microbiology Research,1031,369,647
1245,Biological Trace Element Research,1030,741,2898
1246,Journal of Critical Care,1030,708,3481
1247,Physics World,1029,15,22
1248,KSCE Journal of Civil Engineering,1029,420,899
1249,Separation Science and Technology,1028,591,1636
1250,Soil Biology and Biochemistry,1028,915,8568
1251,Food Funct.,1027,860,4363
1252,Global Journal of Health Science,1027,330,530
1253,The American Journal of Geriatric Psychiatry,1025,443,2743
1254,Journal of Neurochemistry,1025,896,5815
1255,Optical Materials Express,1025,816,3965
1256,Land Use Policy,1025,856,5328
1257,Journal of Molecular Biology,1024,885,7270
1258,BIO-PROTOCOL,1023,125,172
1259,PROTEOMICS,1023,834,5659
1260,Journal of Petroleum Technology,1022,73,99
1261,"Bioscience, Biotechnology, and Biochemistry",1022,648,1741
1262,Journal of Sol-Gel Science and Technology,1021,677,2322
1263,Iranian Red Crescent Medical Journal,1020,416,990
1264,Medical Hypotheses,1019,604,1814
1265,Nuclear and Particle Physics Proceedings,1019,165,355
1266,Animal Behaviour,1018,818,4872
1267,IEEE Transactions on Instrumentation and Measurement,1017,803,4696
1268,Lithos,1016,877,5979
1269,Info Onkologie,1016,3,3
1270,Zeitschrift für anorganische und allgemeine Chemie,1016,706,2287
1271,Cellulose,1014,853,5025
1272,Medical Oncology,1013,786,3323
1273,Diabetologia,1012,853,7138
1274,International Journal of Modern Physics B,1012,446,1228
1275,Orthopaedic Journal of Sports Medicine,1011,208,585
1276,Graefe's Archive for Clinical and Experimental Ophthalmology,1011,619,2383
1277,American Journal of Orthodontics and Dentofacial Orthopedics,1010,441,1633
1278,Obesity,1010,769,4911
1279,Advanced Materials Interfaces,1010,718,4396
1280,Journal of Neuro-Oncology,1009,768,3648
1281,International Journal Of Engineering And Computer Science,1009,5,5
1282,Computational and Theoretical Chemistry,1008,738,2790
1283,Statistics in Medicine,1008,608,2463
1284,Journal of the Optical Society of America A,1007,690,2568
1285,Bone Marrow Transplantation,1007,699,3497
1286,Biochimica et Biophysica Acta (BBA) - Biomembranes,1006,851,6152
1287,Molecular Physics,1006,664,2867
1288,Journal of Korean Medical Science,1005,654,2242
1289,Theory and Practice in Language Studies,1005,95,118
1290,Developmental Biology,1004,825,4685
1291,Journal of Cranio-Maxillofacial Surgery,1004,781,3152
1292,Atmospheric Measurement Techniques,1004,737,3020
1293,Human Brain Mapping,1003,796,6633
1294,Journal of Endodontics,1003,865,5632
1295,Applied Economics Letters,1003,363,682
1296,BMC Veterinary Research,1002,692,2664
1297,Journal of Thrombosis and Haemostasis,1001,795,6024
1298,Molecular Microbiology,1001,845,5296
1299,"Estuarine, Coastal and Shelf Science",1001,808,4022
