JNSM,JScholar,New Comprehensive Biochemistry,Elsevier ,New Frontiers in Ophthalmology,Open Access Text,2397-2092
Oral Health Case Reports,OMICS Publishing Group,2471-8726
Orbit A Journal of American Literature,Open Library of Humanities,2398-6786
ORDO,Walter de Gruyter GmbH,0048-2129
Österreichische Botanische Zeitschrift,Springer-Verlag,0029-8948
Outlook on Agriculture,SAGE Publications,0030-7270
International Journal of Feminist Approaches to Bioethics,University of Toronto Press Inc,Journal of Aquaculture Research & Development,OMICS Publishing Group,2155-9546
Journal of Clinical & Experimental Cardiology,OMICS Publishing Group,2155-9880
Journal of Clinical Research & Governance,Swedish Science Pioneers,2001-5682
Journal of Experimental and Clinical Neurosciences,Swedish Science Pioneers,2001-824X
Journal of Foreign Language Teaching and Applied Linguistics,International Burch University,2303-5528
Journal of Religion and Popular Culture,University of Toronto Press Inc,1703-289X
Journal of Textile Science & Engineering,OMICS Publishing Group,2165-8064
Journal of Restructuring Finance,World Scientific ,1609-9451
JCRF,JScholar,Academy of Management Executive,The Academy of Management,1990-1993
Academy of Management Executive,The Academy of Management,1896-3789
Serbian Journal of Experimental and Clinical Research,Walter de Gruyter GmbH,1820-8665
Contemporary Voice of Dalit,SAGE Publications,2455-328X
Contenciosa,Universidad Nacional del Litoral,2347-0011
AATCC Journal of Research,American Association of Textile Chemists and Colorists - AATCC,2330-5517
Contexto,Universidad La Gran Colombia,2339-3084
Contradictio,Universidade Federal do Parana,1984-574X
Convergence Security,River Publishers,2445-9992
Cooperativismo & Desarrollo,Universidad Cooperativa de Colombia - UCC,0120-7180
Correction Review,Korean Society for Correction Service,1226-6809
Creative Arts in Education and Therapy,Quotus Publishing,2451-876X
CREatividade,Faculdades Catolicas,2446-5712
Criar Educação,Fundacao Educacional de Criciuma- FUCRI,2317-2452
Criterios,Universidad de San Buenaventura,2011-5733
Critical Reviews™ in Biomedical Engineering,Begell House Inc.,1943-619X
Crop Research,OMICS Publishing Group,2454-1761
Cross-Cultural Studies,Center for Cross-Cultural Studies,1598-0685
CRSLS MIS Case Reports from SLS,The Society of Laparoendoscopic Surgeons,2376-9254
digitAR - Revista Digital de Arqueologia Arquitectura e Artes,Coimbra University Press,2182-844X
Dimas Jurnal Pemikiran Agama untuk Pemberdayaan,UIN Walisongo Semarang,1411-9188
discourse Deakin University Library research and practice,Deakin University,2205-0531
International Journal on Applied Bio-Engineering,Sathyabama University,0973-9084
International Journal on Data Science and Technology,Science Publishing Group,2472-2200
International Journal on Design and Manufacturing Technologies,Sathyabama University,0973-9106
International Journal on Information Sciences and Computing,Sathyabama University,0973-9092
International Journal on Innovations in Online Education,Begell House Inc.,2377-9519
International Journal on Intelligent Electronic Systems,Sathyabama University,0973-9238
International Journal on Language Literature and Culture in Education,Walter de Gruyter GmbH,2453-7101
International Journal on Smart Material and Mechatronics,Engineering Faculty of Hasanuddin University,2356-5314
Nutrire,Springer (Biomed Central Ltd.),1519-8928
OBM Integrative and Complementary Medicine,Open BioMedical Publishing Corporation,Obstetrics Gynecology and Reproduction,IRBIS,2313-7347
OENO One,Universite de Bordeaux,2494-1271
Oil & Gas Research,OMICS Publishing Group,2472-0518
Oligonucleotides,Mary Ann Liebert,1545-4576
Oncology & Cancer Case Reports,OMICS Publishing Group,2471-8556
Oncomedicine,Ivyspring International Publisher,2206-6349
One Ecosystem,Pensoft Publishers,2367-8194
Onkologiya Zhurnal imeni P A Gertsena,Media Sphere Publishing Group,2305-218X
Open Education,Plekhanov Russian University of Economics (PRUE),1818-4243
OpenNano,Elsevier ,2352-9520
Ophthalmology Journal,VM Media Sp zo.o. - VMGroup SK,2450-7873
Opus,OPUS,1517-7017
Oral Biology Research,The Oral Biology Research Institute at Chosum University,2508-2558
Perinatology,Korean Society of Perinatology (KAMJE),2508-4887
Dauliyah Journal of Islamic and International Affairs,Universitas Darussalam Gontor,2477-5460
Desbordes Revista de Investigaciones Escuela de Ciencias sociales artes y humanidades - UNAD,Universidad Nacional Abierta y a Distancia,2539-4150
DINIKA Academic Journal of Islamic Studies,IAIN Surakarta,2503-4219
Dossiers de Recherches en Economie et Gestion,"Al Manhal FZ, LLC",2336-064X
Journal of Metastable and Nanocrystalline Materials,Trans Tech Publications,2297-6620
Journal of Pure and Applied Microbiology,Journal of Pure and Applied Microbiology,0973-7510
Journal of Stem Cell Research & Therapeutics,MedCrave Group,2475-5540
Journal of Veterinary Epidemiology,The Japan Society of Veterinary Epidemiology,1343-2583
Khazanah Informatika Jurnal Ilmu Komputer dan Informatika,Universitas Muhammadiyah Surakarta,2477-698X
Occupational Therapy the Official Journal of the Association of Occupational Therapists,SAGE Publications,0029-800X
Of beginnings middles and endings,Forum for Medical Ethics Society,0974-8466
Organizational Design and Enterprise Engineering,Springer-Verlag,2367-3567
Acción Psicológica,UNED - Universidad Nacional de Educacion a Distancia,1578-908X
Aceh International Journal of Science and Technology,"Institute of Postgraduate Studies, Syiah Kuala University",2088-9860
Acetophenones Substituted on the Aromatic Ring,Thieme Publishing Group,2020-0064
Acid-Catalyzed Protic Solvent Spiroketalization toward Milbemycin,Thieme Publishing Group,2020-0498
ACM Journal of Computer Documentation,Association for Computing Machinery,1527-6805
ACM Letters on Programming Languages and Systems,Association for Computing Machinery,1057-4514
ACM SIGLASH Newsletter,Association for Computing Machinery,0036-147X
ACM SIGMINI Newsletter,Association for Computing Machinery,0163-576X
ACM SIGPC Notes,Association for Computing Machinery,0163-5816
ACM SIGUCCS plugged in,Association for Computing Machinery,2168-8516
ACM Transactions on Computing Education,Association for Computing Machinery,1946-6226
ACM Transactions on Economics and Computation,Association for Computing Machinery,2167-8375
ACM Transactions on Intelligent Systems and Technology,Association for Computing Machinery,2157-6904
ACM Transactions on Interactive Intelligent Systems,Association for Computing Machinery,2160-6455
ACM Transactions on Management Information Systems,Association for Computing Machinery,2158-656X
ACM Transactions on the Web,Association for Computing Machinery,1559-1131
Acolhendo a Alfabetização nos Países de Língua Portuguesa,Universidade de Sao Paulo Sistema Integrado de Bibliotecas - SIBiUSP,1980-7686
ACOPIOS-Revista Ibérica de Mineralogía,ACOPIOS - Revista Iberica de Mineralogia,2171-7788
Acoustics Research Letters Online,Acoustical Society of America ,1529-7853
Asian Journal of Materials Chemistry,Asian Journal of Chemistry,CHILD`S HEALTH,Publishing House Zaslavsky,2224-0551
Acque Sotterranee-Italian Journal of Groundwater,Associazione Acque Sotterranee,1828-454X
Acrocephalus,De Gruyter Open Sp. z o.o. ,0351-2851
Acta Botanica Croatica,De Gruyter Open Sp. z o.o. ,0365-0588
Acta Chimica Slovaca,De Gruyter Open Sp. z o.o. ,1337-978X
Acta Chirurgica Latviensis,De Gruyter Open Sp. z o.o. ,1407-981X
Acta Cirurgica Brasileira,SciELO,1678-2674
Acta Energetica Power Engineering Quarterly,Energa SA,2300-3022
Chinese Clinical Oncology,AME Publishing Company,2304-3865
Chinese Journal of Physics,Elsevier ,0577-9073
Chinese Republican Studies Newsletter,Informa UK (Taylor & Francis),0884-4496
Chroniques yéménites,OpenEdition,2308-6122
Ciencia Actual,Universidad de San Buenaventura,2248-468X
Ciência e Filosofia,Universidade de Sao Paulo Sistema Integrado de Bibliotecas - SIBiUSP,0103-5703
Ciencia Política,Universidad Nacional de Colombia,1909-230X
Cine forum,Cineforum,2093-9965
Cirugía y Cirujanos (English Edition),Elsevier ,2444-0507
Citizen Science Theory and Practice,"Ubiquity Press, Ltd.",2057-4991
CLARA,University of Oslo Library,2464-3726
Claustrum,Informa UK (Taylor & Francis),2002-3294
CLEaR,Walter de Gruyter GmbH,2453-7128
Clinical and Experimental Health Sciences,AVES Publishing Co.,2459-1459
Clinical and Translational Orthopedics,Medknow Publications,2468-5674
CLINICAL DENTISTRY,Ternopil State Medical University,2311-9624
Clinical Neurophysiology Practice,Elsevier ,2467-981X
Clinical oncohematology,Practical Medicine Publishing House,1997-6933
Clinical ophthalmology,Doctormedia,2311-7729
Clinical Skin Cancer,Elsevier ,2405-8645
Clinical Ultrasound,The Korea Association of Clinical Ultrasound,2465-7786
Clío América,Universidad del Magdalena,1909-941X
Clusters Research and Development,Infra-M Academic Publishing House,2414-9047
CNL Nuclear Review,Atomic Energy of Canada Limited,2369-6923
Coaching Review,Kozminski University,2081-7029
CODEE Journal,Claremont Colleges Library,2160-5211
Collectivus,Universidad del Atlantico,2382-4018
Colombia Forense,Universidad Cooperativa de Colombia - UCC,2145-0684
Communication & Language at Work,Aarhus University Library,2245-5744
Communication and Development,"Al Manhal FZ, LLC",2409-7071
Communication Research and Practice,Informa UK (Taylor & Francis),2204-1451
Comparative Migration Studies,Springer-Verlag,2214-8590
Competitio,Competitio,1588-9645
Comprehensive Analytical Chemistry,Elsevier ,Compunet ( The Egyptian Information Journal ),"Al Manhal FZ, LLC",2356-9697
Computer Assisted Surgery,Informa UK (Informa Healthcare),2469-9322
Conexões,Universidade Estadual de Campinas,1983-9030
Conexões - Ciência e Tecnologia,IFCE,1982-176X
Conflict and Society,Berghahn Books,2164-4543
Conhecimento & Diversidade,Centro Universitario La Salle - UNILASALLE,2237-8049
Conservation Physiology,Oxford University Press,2051-1434
Contabilidade Gestão e Governança,ANPAD,1984-3925
Contemporary Concepts of Condensed Matter Science,Elsevier ,Contemporary Levant,Informa UK (Taylor & Francis),2058-1831
deleted title Geoinformatics Research Papers,Geophysical Center of the Russian Academy of Sciences,Dental Clinical and Experimental Journal,International Neuroscience Institute,2423-7574
Dental Journal (Majalah Kedokteran Gigi),Universitas Airlangga,1978-3728
der moderne staat – Zeitschrift für Public Policy Recht und Management,Barbara Budrich Publishers,1865-7192
DESAFIOS Revista Interdisciplinar da Universidade Federal do Tocantins,Universidade Federal do Tocantins,2359-3652
Desde el Sur Revista de Ciencias Humanas y Sociales de la Universidad Científica del Sur,Universidad Cientifica del Sur,2076-2674
Deu Muhendislik Fakultesi Fen ve Muhendislik,Deu Muhendislik Fakultesi Fen ve Muhendislik,1302-9304
Devices and Methods of Measurements,Belarusian National Technical University,2220-9506
Dhaka University Journal of Biological Sciences,Bangladesh Journals Online,1021-2787
Die Bodenkultur Journal of Land Management Food and Environment,Walter de Gruyter GmbH,0006-5471
Rossiyskiy Vestnik Perinatologii i Pediatrii (Russian Bulletin of Perinatology and Pediatrics),The National Academy of Pediatric Science and Innovation,1027-4065
Australian Journal of Teacher Education,Edith Cowan University,1835-517X
Belgrade English Language and Literature Studies,"Faculty of Philology, University of Belgrade",1821-3138
BEOnline Journal of the Center for Bioethics and Research,"Center for Bioethics and Research, Nigeria",2315-6422
Berkala Ilmu Perpustakaan dan Informasi,Universitas Gadjah Mada,1693-7740
Brünner Beiträge zur Germanistik und Nordistik,Masaryk University Press,1803-7380
BULETIN TEKNIK LITKAYASA Sumber Daya dan Penangkapan,Agency for Marine and Fisheries Research and Development,1693-7961
Bulletin of the National Technical University «KhPI» Series Dynamics and Strength of Machines,National Technical University Kharkiv Polytechnic Institute,2078-9130
Canadian Bulletin of Medical History,University of Toronto Press Inc,0823-2105
Chinese Journal of Engineering Science,Editorial Department of Engineering Sciences,1009-1742
Cleveland Studies in the History of Art,"Brepols Publishers, NV",1092-3934
Communication Management Review,Edward Bernays College of Communication Management,2459-590X
Computer Science and Mathematical Modelling,Index Copernicus International,1508-4183
Computing Trendz - The Journal of Emerging Trends in Information Technology,"School of Management Sciences, Varanas",2230-9152
Conversations An Online Journal of the Center for the Study of Material and Visual Cultures of Religion,Center for the Study of Material and Visual Cultures of Religion,2475-241X
Corporate Board role duties and composition,Virtus Interpress,1810-8601
Current Digest of the Post-Soviet Press The,"East View Information Services, Inc.",2159-3612
Cylchgrawn Addysg Cymru / Wales Journal of Education,University of Wales Press/Gwasg Prifysgol Cymru,2059-3708
Acta Medica Martiniana,De Gruyter Open Sp. z o.o. ,1335-8421
Acta Mycologica,Polish Botanical Society,0001-625X
Acta Neuropathologica Communications,Springer (Biomed Central Ltd.),2051-5960
Acta Silvatica et Lignaria Hungarica,De Gruyter Open Sp. z o.o. ,1787-064X
Acta Technologica Agriculturae,De Gruyter Open Sp. z o.o. ,1335-2555
Acta Universitatis Cibiniensis Series E Food Technology,De Gruyter Open Sp. z o.o. ,2344-150X
Acta Veterinaria Scandinavica,Springer (Biomed Central Ltd.),1751-0147
Acupuncture in Medicine,BMJ,0964-5284
Adiyaman University Journal of Social Sciences,Adiyaman University Journal of Social Sciences,1308-7363
Administrative Theory & Praxis,Informa UK (Taylor & Francis),1084-1806
Advanced Modeling and Simulation in Engineering Sciences,Springer (Biomed Central Ltd.),2213-7467
Advances in Applied Mathematics and Mechanics,Global Science Press,2070-0733
Advances in Archaeological Practice A Journal of the Society for American Archaeology,Society for American Archaeology,2326-3768
Advances in Education and Administration,Emerald (MCB UP ),1479-3660
Advances in Manufacturing Science and Technology,De Gruyter Open Sp. z o.o. ,1895-9881
Advances in Mental Health,Informa UK (Taylor & Francis),1837-4905
Advances in Psychiatric Treatment,Royal College of Psychiatrists,1355-5146
Aestimatio The IEB International Journal of Finance,Insitututo Estudios Bursatiles,2173-0164
African Evaluation Journal,AOSIS Open Journals,2306-5133
African Journal of Environmental Science and Technology,Academic Journals,1996-0786
African Journal of Microbiology Research,Academic Journals,1996-0808
Aging and Disease,Aging and Disease,2152-5250
Agrarian South Journal of Political Economy,SAGE Publications,2277-9760
Agriculture & Food Security,Springer (Biomed Central Ltd.),2048-7010
AIDS Research and Therapy,Springer (Biomed Central Ltd.),1742-6405
Alfa Revista de Linguística (São José do Rio Preto),SciELO,1981-5794
Algebraic Geometry,Foundation Compositio Mathematica,2214-2584
Algorithms for Molecular Biology,Springer (Biomed Central Ltd.),1748-7188
Allergy Asthma & Clinical Immunology,Springer (Biomed Central Ltd.),1710-1492
Alzheimer s Research & Therapy,Springer (Biomed Central Ltd.),1758-9193
American British and Canadian Studies Journal,De Gruyter Open Sp. z o.o. ,1841-964X
American Foreign Policy Interests,Informa UK (Taylor & Francis),1080-3920
American Potato Journal,Springer-Verlag,0003-0589
An Official Journal of the Japan Primary Care Association,The Japan Primary Care Association,2185-2928
"Analele Universitatii ""Ovidius"" Constanta - Seria Chimie",De Gruyter Open Sp. z o.o. ,1223-7221
Anàlisi,Fundacio per la Universitat Oberta de Catalunya,0211-2175
Ancient Asia,Ubiquity Press, Ltd.,2042-5937
ASEAN Marketing Journal,Fakultas Ekonomi dan Bisnis Universitas Indonesia,2085-5044
Asian Business Review,ABC Journals,2304-2613
Asian Education Studies,July Press Pte. Ltd.,2424-8487
BMC Blood Disorders,Springer (Biomed Central Ltd.),1471-2326
BMC Clinical Pharmacology,Springer (Biomed Central Ltd.),1472-6904
BMC Medical Physics,Springer (Biomed Central Ltd.),1756-6649
BMC Nuclear Medicine,Springer (Biomed Central Ltd.),1471-2385
BMC Proceedings,Springer (Biomed Central Ltd.),1753-6561
BMJ,BMJ,2059-8688
BMJ Global Health,BMJ,2059-7908
Ból,Index Copernicus International,1640-324X
Boletim do Instituto de Pesca,Boletim do Instituto de Pesca,0046-9939
Boletín de Literatura Oral,Universidad de Jaen,2173-0695
Boletín Galego de Literatura,University of Santiago de Compostela,0214-9117
Boyhood Studies,Berghahn Books,2375-9240
Brawijaya Law Journal,Brawijaya University,2356-4512
Brazilian Journal of Chemical Engineering,SciELO,1678-4383
Brazilian Review of Econometrics,Fundacao Getulio Vargas,1980-2447
BRICS Law Journal,Tyumen State University,2409-9058
British Journal of American Legal Studies,Walter de Gruyter GmbH,2049-4092
British Journal of Biomedical Science,Informa UK (Taylor & Francis),0967-4845
Brodogradnja,"Faculty of Mechanical Engineering and Naval Architecture, Univ. of Zagreb",0007-215X
Buletin Peternakan,Buletin Peternakan,0126-4400
Bulgarian Journal of Veterinary Medicine,Trakia University,Bulletin de l OIE,O.I.E (World Organisation for Animal Health),1684-3770
Bulletin of Pharmaceutical Research,Marwah Infotech,2249-6041
Bulletin of the Section of Logic,Uniwersytet Lodzki (University of Lodz),0138-0680
Búsqueda,Corporacion Universitaria del Caribe - CECAR,0123-9813
Caderno Espaço Feminino,EDUFU - Editora da Universidade Federal de Uberlandia,1981-3082
Caderno Virtual de Turismo,Editora de Livros IABS,1677-6976
Cadernos de Pesquisa,Universidade Federal do Maranhao,0102-4175
CADERNOS DE RELAÇÕES INTERNACIONAIS,Faculdades Catolicas,1983-4500
Cadernos Wittgenstein,Universidade de Sao Paulo Sistema Integrado de Bibliotecas - SIBiUSP,1518-5230
Cadmo Revista de História Antiga,Coimbra University Press,0871-9527
Cahiers du Séminaire d Économétrie,JSTOR,0071-8343
Caliban,OpenEdition,2425-6250
Calíope presença clássica,"Faculdade de Letras, UFRJ",1676-3521
Campos en Ciencias Sociales,Universidad Santo Tomas,2339-3688
Canadian Journal of History of Sport,Human Kinetics,0712-9815
Canadian Journal of Nursing Research,SAGE Publications,0844-5621
Canadian Journal of Program Evaluation,University of Toronto Press Inc,Cancer Breaking News,HPS - Health Publishing & Services SRL,2283-6594
Cancer Treatment and Research Communications,Elsevier ,2468-2942
Cancers of the Head & Neck,Springer (Biomed Central Ltd.),2059-7347
Caribbean Quarterly,Informa UK (Taylor & Francis),0008-6495
Carnuntum Jahrbuch,Verlag der Osterreichischen Akademie der Wissenschaften,1025-2320
CASA Cadernos de Semiótica Aplicada,CASA: Cadernos de Semiotica Aplicada,1679-3404
Catch-Cropped Soils,American Society of Agronomy,CAUCHY,Maulana Malik Ibrahim State Islamic University,2086-0382
Cell Preservation Technology,Mary Ann Liebert,1538-344X
Cell Stem cells and Regenerative Medicine,"Sci Forschen, Inc.",2472-6990
Central Nervous System Trauma,Mary Ann Liebert,0737-5999
Ceramics - Silikaty,"Institute of Rock Structure and Mechanics, AS CR",0862-5468
CES Medicina,Universidad CES,2215-9177
Ceylon Journal of Science,Sri Lanka Journals Online ,2513-2814
Chem,Elsevier ,2451-9294
Chemical Informatics,Scitechnol Biosoft Pvt. Ltd.,2470-6973
childhood & philosophy,Universidade do Estado do Rio de Janeiro UERJ,1984-5987
Childhood and Education Journal,"Al Manhal FZ, LLC",2090-3847
Cuadernos Electrónicos de Filosofía del Derecho,Universitat de Valencia,1138-9877
Current Controlled Trials in Cardiovascular Medicine,Springer (Biomed Central Ltd.),1468-6708
Current Issues of Mass Communication,Taras Shevchenko National University of Kyiv,2312-5160
CUSTOMS POLICY OF RUSSIA IN THE FAR EAST,Kniga - Service Agency Ltd.,1815-0683
Cylchgrawn Addysg Cymru / Wales Journal of Education,University of Wales Press/Gwasg Prifysgol Cymru,2059-3708
Deakin Papers on International Business Economics,Deakin University,2206-4060
RGC - Revista de Governança Corporativa,Revista de Governanca Corporativa,2359-313X
Turkiye Klinikleri Journal of Internal Medicine,Ortadogu Reklam Tanitim Yayincilik Turizm Egitim Insaat Sanayi ve Ticaret A.S.,2458-8733
إضافات المجلة العربية لعلم الاجتماع,"Al Manhal FZ, LLC",2306-7128
Nutrition and Healthy Aging,IOS Press,2451-9480
Open Information Science,Walter de Gruyter GmbH,2451-1781
Turkish Journal of Colorectal Disease,Galenos Yayinevi,2536-4898
Pearl A Journal of Library and Information Science,Diva Enterprises Private Limited,0973-7081
RBOL- Revista Brasileira de Odontologia Legal,Revista Brasileira de Odontologia Legal,2359-3466
Acta Scientiarum Polonorum Silvarum Colendarum Ratio et Industria Lignaria,Uniwersytet Przyrodniczy w Poznaniu (Poznan University of Life Sciences),1644-0722
Advances in the Study of Information and Religion,Kent State University,2161-0177
al-Balagh Jurnal Dakwah dan Komunikasi,IAIN Surakarta,2527-5704
AL-BANJARI Jurnal Ilmiah Ilmu-ilmu Keislaman,IAIN Antasari,1412-9507
American Journal of Biological and Environmental Statistics,Science Publishing Group,2471-9765
American Journal of Geographic Information System,Scientific and Academic Publishing,2163-114X
Annals of Majmaah University for Researches and Studies,"Al Manhal FZ, LLC",1658-7316
Annals of Pure and Applied Mathematics,House of Scientific Research,2279-087X
Applied Mathematics and Mathematical Physics,"Graduate School of Science, Moscow University of Finance and Law",2312-0975
Arab Journal Of Plant Protection,Arab Society for Plant Protection,0255-982X
Archives Internationales d Histoire des Sciences,"Brepols Publishers, NV",0003-9810
Archives of Psychiatry and Psychotherapy,Komitet Redakcyjno - Wydawniczy Polskiego Towarzystwa Psychiatrycznego,1509-2046
Arquivos do Museu Dinâmico Interdisciplinar,Universidade Estadual de Maringa,1980-959X
Asian Journal of Sustainability and Social Responsibility,Springer (Biomed Central Ltd.),2365-6417
Assiut Journal of Agricultural Sciences,Egypts Presidential Specialized Council for Education and Scientific Research,2356-9840
Australian Journal of Multi-Disciplinary Engineering,Informa UK (Taylor & Francis),1448-8388
Boletín de Arqueología Experimental,Servicio de Publicaciones de la Universidad Autonoma de Madrid,1138-9354
Animal Biotelemetry,Springer (Biomed Central Ltd.),2050-3385
Ankara Üniversitesi Türk İnkılap Tarihi Enstitüsü Atatürk Yolu Dergisi,Ankara University,1303-5290
Annalen der Philosophie und philosophischen Kritik,Springer-Verlag,1866-6175
Annales de Normandie,PERSEE Program,0003-4134
Annales UMCS Sectio K (Politologia),De Gruyter Open Sp. z o.o. ,1428-9512
Annals of Animal Science,De Gruyter Open Sp. z o.o. ,1642-3402
Annals of Business Administrative Science,Global Business Research Center,1347-4464
Annals of Clinical Microbiology and Antimicrobials,Springer (Biomed Central Ltd.),1476-0711
Annals of Colorectal Research,Kowsar Medical Institute,2322-5289
Annals of Diagnostic Paediatric Pathology,Springer-Verlag,1427-4426
Annals of General Psychiatry,Springer (Biomed Central Ltd.),1744-859X
Annals of Occupational and Environmental Medicine,Springer (Biomed Central Ltd.),2052-4374
Annals of Periodontology,American Academy of Periodontology,1553-0841
Annals of Surgical Innovation and Research,Springer (Biomed Central Ltd.),1750-1164
Annals of the Alexandru Ioan Cuza University - Mathematics,De Gruyter Open Sp. z o.o. ,1221-8421
Annals of the Rheumatic Diseases,BMJ,0003-4967
Annals of West University of Timisoara - Mathematics,De Gruyter Open Sp. z o.o. ,1841-3293
Anthropology & Archeology of Eurasia,Informa UK (Taylor & Francis),1061-1959
Antimicrobial Resistance and Infection Control,Springer (Biomed Central Ltd.),2047-2994
Antiviral Chemistry & Chemotherapy,SAGE Publications,0956-3202
Antiviral Chemistry and Chemotherapy,International Medical Press,2040-2066
ANVIL,De Gruyter Open Sp. z o.o. ,0969-7373
Anxiety Disorder Research,Japanese Society of Anxiety Disorders,1883-5619
APLA Newsletter,Wiley Blackwell (Blackwell Publishing),1081-6976
Applicable Analysis and Discrete Mathematics,National Library of Serbia,1452-8630
Applied Adhesion Science,Springer (Biomed Central Ltd.),2196-4351
Applied Computer Systems,De Gruyter Open Sp. z o.o. ,2255-8691
Applied Scientific Research,Springer-Verlag,0003-6994
Aquatic Biosystems,Springer (Biomed Central Ltd.),2046-9063
Arbitration International,Springer (Kluwer Academic Publishers),0957-0411
Archive of Mechanical Engineering,De Gruyter Open Sp. z o.o. ,0004-0738
Archives of Acoustics,De Gruyter Open Sp. z o.o. ,0137-5075
Archives of Aesthetic Plastic Surgery,Korean Society for Aesthetic Plastic Surgery (KAMJE),2234-0831
Archives of Control Sciences,De Gruyter Open Sp. z o.o. ,1230-2384
Archives of Electrical Engineering,De Gruyter Open Sp. z o.o. ,0004-0746
Archives of Foundry Engineering,De Gruyter Open Sp. z o.o. ,1897-3310
Archives of Hydro-Engineering and Environmental Mechanics,De Gruyter Open Sp. z o.o. ,1231-3726
Archives of Industrial Hygiene and Toxicology,De Gruyter Open Sp. z o.o. ,0004-1254
Archives of Metallurgy and Materials,De Gruyter Open Sp. z o.o. ,1733-3490
Archives of Mining Sciences,De Gruyter Open Sp. z o.o. ,0860-7001
Archives of Orthopaedic and Traumatic Surgery,Springer-Verlag,0344-8444
Archives of Public Health,Springer (Biomed Central Ltd.),0778-7367
Archivos de Prevención de Riesgos Laborales,Societat Catalana de Seguretat I Medicina del Treball,1138-9672
Archiwum Emigracji,Uniwersytet Mikolaja Kopernika/Nicolaus Copernicus University,2084-3550
Arctic Anthropology,University of Wisconsin Press,1933-8139
Ardeola,BioOne - Ardeola,0570-7358
Arion,JSTOR,0095-5809
ARS (São Paulo),Universidade de Sao Paulo Sistema Integrado de Bibliotecas - SIBiUSP,1678-5320
Art Journal,Informa UK (Taylor & Francis),0004-3249
Arthritis Research & Therapy,Springer (Biomed Central Ltd.),1478-6354
Asia Pacific Journal on Computational Engineering,Springer (Biomed Central Ltd.),2196-1166
Asia Pacific Media Educator,SAGE Publications,1326-365X
Asian Journal of Human Services,Asian Society of Human Services,2186-3350
Atlantic Geology,Atlantic Geology,1718-7885
Autex Research Journal,De Gruyter Open Sp. z o.o. ,1470-9589
Autism - Open Access,OMICS Publishing Group,2165-7890
Balıkesır Health Sciences Journal,"LookUs Bilisim, Ltd.",2146-9601
Balkan Journal of Medical Genetics,De Gruyter Open Sp. z o.o. ,1311-0160
Bangladesh Journal of Child Health,Bangladesh Journals Online,0257-3490
Bangladesh Journal of Medical Biochemistry,Bangladesh Journals Online,2073-9915
Bangladesh Journal of Physiology and Pharmacology,Bangladesh Journals Online,1561-1566
Bangladesh Journal of Scientific Research,Bangladesh Journals Online,0253-5432
Bangladesh Journal of Zoology,Bangladesh Journals Online,0304-9027
Bangladesh Medical Research Council Bulletin,Bangladesh Journals Online,0377-9238
Bangladesh Pharmaceutical Journal,Bangladesh Journals Online,0301-4606
Behavioral and Brain Functions,Springer (Biomed Central Ltd.),1744-9081
Benthos research,The Japanese Association of Benthology,1883-888X
Bezmialem Science,Bezmialem Vakif University,2148-2373
BIBECHANA,Nepal Journals Online,2091-0762
Biblioteka,Adam Mickiewicz University Poznan,1506-3615
Biocatalyzed Mannich Reaction,Thieme Publishing Group,2060-0305
BioData Mining,Springer (Biomed Central Ltd.),1756-0381
Biodiversity Research and Conservation,De Gruyter Open Sp. z o.o. ,1897-2810
Bioengineered Bugs,Landes Bioscience,1949-1018
Bioentrepreneur,Nature Publishing Group,1542-6572
Biology Direct,Springer (Biomed Central Ltd.),1745-6150
Biology of Mood & Anxiety Disorders,Springer (Biomed Central Ltd.),2045-5380
Biology of Sex Differences,Springer (Biomed Central Ltd.),2042-6410
Biomarker Research,Springer (Biomed Central Ltd.),2050-7771
Biomédica,Instituto Nacional de Salud,0120-4157
BioMedical Engineering OnLine,Springer (Biomed Central Ltd.),1475-925X
Biometrical Letters,De Gruyter Open Sp. z o.o. ,1896-3811
BIOPHILIA,International Biophilia Rehabilitation Academy,2186-8433
BioPsychoSocial Medicine,Springer (Biomed Central Ltd.),1751-0759
Bioresources and Bioprocessing,Springer (Biomed Central Ltd.),2197-4365
Biorheology,Elsevier ,0006-355X
Biotechnology for Biofuels,Springer (Biomed Central Ltd.),1754-6834
BMC Bioinformatics,Springer (Biomed Central Ltd.),1471-2105
BMC Biology,Springer (Biomed Central Ltd.),1741-7007
BMC Biophysics,Springer (Biomed Central Ltd.),2046-1682
BMC Biotechnology,Springer (Biomed Central Ltd.),1472-6750
BMC Cancer,Springer (Biomed Central Ltd.),1471-2407
BMC Clinical Pathology,Springer (Biomed Central Ltd.),1472-6890
BMC Complementary and Alternative Medicine,Springer (Biomed Central Ltd.),1472-6882
BMC Dermatology,Springer (Biomed Central Ltd.),1471-5945
BMC Ear Nose and Throat Disorders,Springer (Biomed Central Ltd.),1472-6815
BMC Ecology,Springer (Biomed Central Ltd.),1472-6785
BMC Endocrine Disorders,Springer (Biomed Central Ltd.),1472-6823
BMC Evolutionary Biology,Springer (Biomed Central Ltd.),1471-2148
BMC Family Practice,Springer (Biomed Central Ltd.),1471-2296
BMC Genomics,Springer (Biomed Central Ltd.),1471-2164
BMC Geriatrics,Springer (Biomed Central Ltd.),1471-2318
BMC Health Services Research,Springer (Biomed Central Ltd.),1472-6963
BMC Hematology,Springer (Biomed Central Ltd.),2052-1839
BMC Immunology,Springer (Biomed Central Ltd.),1471-2172
BMC Infectious Diseases,Springer (Biomed Central Ltd.),1471-2334
BMC International Health and Human Rights,Springer (Biomed Central Ltd.),1472-698X
BMC Medical Education,Springer (Biomed Central Ltd.),1472-6920
BMC Medical Ethics,Springer (Biomed Central Ltd.),1472-6939
BMC Medical Genetics,Springer (Biomed Central Ltd.),1471-2350
BMC Medical Genomics,Springer (Biomed Central Ltd.),1755-8794
BMC Medical Imaging,Springer (Biomed Central Ltd.),1471-2342
BMC Medical Informatics and Decision Making,Springer (Biomed Central Ltd.),1472-6947
BMC Medical Research Methodology,Springer (Biomed Central Ltd.),1471-2288
BMC Medicine,Springer (Biomed Central Ltd.),1741-7015
BMC Microbiology,Springer (Biomed Central Ltd.),1471-2180
BMC Molecular Biology,Springer (Biomed Central Ltd.),1471-2199
BMC Musculoskeletal Disorders,Springer (Biomed Central Ltd.),1471-2474
BMC Nephrology,Springer (Biomed Central Ltd.),1471-2369
BMC Neuroscience,Springer (Biomed Central Ltd.),1471-2202
BMC Nursing,Springer (Biomed Central Ltd.),1472-6955
BMC Obesity,Springer (Biomed Central Ltd.),2052-9538
BMC Oral Health,Springer (Biomed Central Ltd.),1472-6831
BMC Palliative Care,Springer (Biomed Central Ltd.),1472-684X
BMC Pediatrics,Springer (Biomed Central Ltd.),1471-2431
BMC Pharmacology and Toxicology,Springer (Biomed Central Ltd.),2050-6511
BMC Physiology,Springer (Biomed Central Ltd.),1472-6793
BMC Plant Biology,Springer (Biomed Central Ltd.),1471-2229
BMC Psychiatry,Springer (Biomed Central Ltd.),1471-244X
BMC Psychology,Springer (Biomed Central Ltd.),2050-7283
BMC Public Health,Springer (Biomed Central Ltd.),1471-2458
BMC Pulmonary Medicine,Springer (Biomed Central Ltd.),1471-2466
BMC Research Notes,Springer (Biomed Central Ltd.),1756-0500
BMC Structural Biology,Springer (Biomed Central Ltd.),1472-6807
BMC Surgery,Springer (Biomed Central Ltd.),1471-2482
BMC Systems Biology,Springer (Biomed Central Ltd.),1752-0509
BMC Urology,Springer (Biomed Central Ltd.),1471-2490
BMC Veterinary Research,Springer (Biomed Central Ltd.),1746-6148
BMC Women s Health,Springer (Biomed Central Ltd.),1472-6874
BMJ Open,BMJ,2044-6055
Bochumer Philosophisches Jahrbuch fur Antike und Mittelalter,John Benjamins Publishing Company,1384-6663
Boletim do Museu Paraense Emílio Goeldi Ciências Humanas,SciELO,1981-8122
Boletín Terapéutico Andaluz,CADIME Centro Andaluz de Informacion de Medicamentos,0212-9450
Bone Research,Nature Publishing Group,2095-4700
Borderline Personality Disorder and Emotion Dysregulation,Springer (Biomed Central Ltd.),2051-6673
Botanical Studies,Springer (Biomed Central Ltd.),1999-3110
Brain & Neurorehabilitation,Korean Society for Neurorehabilitation (KAMJE),1976-8753
BRAZILIAN JOURNAL OF FOOD TECHNOLOGY,SciELO,1981-6723
Brazilian Journal of Science and Technology,Springer (Biomed Central Ltd.),2196-288X
Breast Cancer Research,Springer (Biomed Central Ltd.),1465-5411
British Journal of Ophthalmology,BMJ,0007-1161
British Journal of Sports Medicine,BMJ,0306-3674
Brontë Studies (subtitle The Journal of Brontë Society),Maney Publishing,1474-8932
Bulletin Géodésique,Springer-Verlag,0007-4632
Bulletin of Geography Physical Geography Series,De Gruyter Open Sp. z o.o. ,2080-7686
Bulletin of Geography Socio-economic series,De Gruyter Open Sp. z o.o. ,1732-4254
BULLETIN OF THE GEOLOGICAL SURVEY OF JAPAN,National Institute of Advanced Industrial Scicence,1346-4272
Bulletin of the Polish Academy of Sciences Technical Sciences,De Gruyter Open Sp. z o.o. ,0239-7528
Bulletin of the Veterinary Institute in Pulawy,De Gruyter Open Sp. z o.o. ,0042-4870
Burns & Trauma,Medknow Publications,2321-3868
Business & Information Systems Engineering,Springer-Verlag,1867-0202
Business Ethics Quarterly,Philosophy Documentation Center,1052-150X
By X-ray Crystallography,Thieme Publishing Group,2050-0483
Cahiers d Économie Politique,PERSEE Program,0154-8344
Cahiers philosophiques,CAIRN,0241-2799
Canadian Journal of Dietetic Practice and Research,Dietitians of Canada,1486-3847
Canadian Journal of Kidney Health and Disease,Springer (Biomed Central Ltd.),2054-3581
Canadian Journal of Sociology / Cahiers canadiens de sociologie,JSTOR,0318-6431
Canadian Oncology Nursing Journal,Pappin Communications,1181-912X
Cancer & Metabolism,Springer (Biomed Central Ltd.),2049-3002
Cancer Cell International,Springer (Biomed Central Ltd.),1475-2867
Canine Genetics and Epidemiology,Springer (Biomed Central Ltd.),2052-6687
Caravelle,PERSEE Program,0184-7694
Carbon Balance and Management,Springer (Biomed Central Ltd.),1750-0680
Carbon Management,Informa UK (Taylor & Francis),1758-3004
Cardiology Research,"Elmer Press, Inc.",1923-2829
Cardiometry,Russian New University,2304-7232
Cardiovascular Diabetology,Springer (Biomed Central Ltd.),1475-2840
Cardiovascular Intervention and Therapeutics Japanese Edition,Japanese Association of Cardiovascular Intervention and Therapeutics,1884-0027
Cardiovascular Journal,Bangladesh Journals Online,2071-0917
Cardiovascular Research,Oxford University Press,0008-6363
Cardiovascular Ultrasound,Springer (Biomed Central Ltd.),1476-7120
Carpathian Mathematical Publications,Vasyl Stefanyk Precarpathian National University,2075-9827
Case Studies in Sport Management,Human Kinetics,2167-2458
Cationic Hydrogen-Bond Donor Catalysts,Thieme Publishing Group,2050-0467
Cell & Bioscience,Springer (Biomed Central Ltd.),2045-3701
Cell Communication and Signaling,Springer (Biomed Central Ltd.),1478-811X
Cell Division,Springer (Biomed Central Ltd.),1747-1028
Cell Regeneration,Springer (Biomed Central Ltd.),2045-9769
Cement Science and Concrete Technology,Japan Cement Association,0916-3182
Ceylon Medical Journal,Sri Lanka Journals Online ,0009-0875
Chemical and Biological Technologies in Agriculture,Springer (Biomed Central Ltd.),2196-5641
Chemical and Process Engineering,De Gruyter Open Sp. z o.o. ,0208-6425
Chemical Bulletin of Kazakh National University,Center of Physical Chemical Methods of Research and Analysis,1563-0331
Chemical Speciation and Bioavailability,Informa UK (Taylor & Francis),0954-2299
Chemistry Central Journal,Springer (Biomed Central Ltd.),1752-153X
Chemistry-Didactics-Ecology-Metrology,De Gruyter Open Sp. z o.o. ,2084-4506
Child and Adolescent Psychiatry and Mental Health,Springer (Biomed Central Ltd.),1753-2000
China Finance and Economic Review,Springer (Biomed Central Ltd.),2095-4638
Chinese Economy,Informa UK (Taylor & Francis),1097-1475
Chinese Education & Society,Informa UK (Taylor & Francis),1061-1932
Chinese Law & Government,Informa UK (Taylor & Francis),0009-4609
Chinese Medicine,Springer (Biomed Central Ltd.),1749-8546
Chinese Studies in History,Informa UK (Taylor & Francis),0009-4633
Chiropractic & Manual Therapies,Springer (Biomed Central Ltd.),2045-709X
Ciencias Marinas,Instituto de Investigaciones Oceanologicas,0185-3880
Cilia,Springer (Biomed Central Ltd.),2046-2530
Citizenship Social and Economics Education,SAGE Publications,1478-8047
Classica Cracoviensia,Ksiegarnia Akademicka Sp. z.o.o.,1505-8913
Clinical and Molecular Allergy,Springer (Biomed Central Ltd.),1476-7961
Clinical and Translational Allergy,Springer (Biomed Central Ltd.),2045-7022
Clinical Sarcoma Research,Springer (Biomed Central Ltd.),2045-3329
Cold Spring Harbor Protocols,Cold Spring Harbor Laboratory Press,1559-6095
Communications in Computational Physics,Global Science Press,1815-2406
Companion Animal,Mark Allen Group,1464-4630
Comparative Economic Research,De Gruyter Open Sp. z o.o. ,1508-2008
Comptabilité - Contrôle - Audit,CAIRN,1262-2788
Computación y Sistemas,Instituto Politecnico Nacional/Centro de Investigacion en Computacion,1405-5546
Computational and Structural Biotechnology Journal,Elsevier ,2001-0370
Computational Methods in Science and Technology,ICHB PAS Poznan Supercomputing and Networking Center,1505-0602
Computer Science and Information Systems,National Library of Serbia,1820-0214
Conflict and Health,Springer (Biomed Central Ltd.),1752-1505
Construction Science,De Gruyter Open Sp. z o.o. ,2255-8551
Contemporary Chinese Thought,Informa UK (Taylor & Francis),1097-1467
Botswana Journal of Economics,African Journals Online ,1810-0163
Catalysis Today,Elsevier ,0920-5861
Civil Engineering and Urban Planning An International Journal (CiVEJ),Academy and Industry Research Collaboration Center,2394-5818
Contemporary French Civilization,Liverpool University Press,0147-9156
Contemporary Issues in Early Childhood,SAGE Publications,1463-9491
Contemporary Management Research,Academy of Taiwan Information Systems Research,1813-5498
Contemporary Nurse,Informa UK (Taylor & Francis),1037-6178
Contemporary Review of the Middle East,SAGE Publications,2347-7989
Contraste,CAIRN,1254-7689
Copeia,BioOne (American Society of Icthyologists and Herpetologists),0045-8511
Cost Effectiveness and Resource Allocation,Springer (Biomed Central Ltd.),1478-7547
Cough,Springer (Biomed Central Ltd.),1745-9974
Critical Studies in Teaching and Learning,University of the Western Cape Library Service,2310-7103
Criticón,OpenEdition,0247-381X
Cropp Breeding and Applied Biotechnology,SciELO,1984-7033
Roczniki Pedagogiczne,Towarzystwo Naukowe KUL,2080-850X
American Journal of Cosmetic Surgery,SAGE Publications,0748-8068
American Journal of Organic Chemistry,Scientific and Academic Publishing,2163-1301
American Research Journal of Nursing,American Research Journals,2379-2922
American Review of Politics,University of Oklahoma Libraries,2374-7781
Ana Dili Eğitimi Dergisi,Ana Dili Egitimi Dergisi ADED,2147-6020
Anatolian Journal of Medical Sciences,Health Sciences Researches Society,2459-0177
Anclajes,Universidad Nacional de La Pampa,1851-4669
Animal Reproduction,Colegio Brasileiro de Reproducao Animal - CBRA,1984-3143
Animal Reproduction,Editora Cubo Multimidia,1806-9614
Annales d Économie et de Statistique,JSTOR,0769-489X
Annales de l inséé,JSTOR,0019-0209
Annales de Parasitologie Humaine et Comparée,EDP Sciences,0003-4150
Annals of Cardiothoracic Surgery,AME Publishing Company,2225-319X
Annals of Horticulture,Diva Enterprises Private Limited,0974-8784
Annals of Joint,AME Publishing Company,2415-6809
Annals of Palliative Medicine,AME Publishing Company,2224-5820
Annals of Plant Sciences,Adhya Biosciences Pvt. Ltd.,2287-688X
Annual of Navigation,De Gruyter Open Sp. z o.o. ,1640-8632
Annual Reports on NMR Spectroscopy,Elsevier ,Anthropologica,Sistema de Bibliotecas PUCP,0254-9212
Anthropology - Open Journal,Openventio Publishers,2473-4772
Antisense Research and Development,Mary Ann Liebert,1050-5261
Anuario de Estudios Centroamericanos,Universidad de Costa Rica,0377-7316
ANZIAM Journal,"Australian Mathematical Publishing Association, Inc.",1445-8810
AoB Plants,Oxford University Press,2041-2851
Aotearoa New Zealand Social Work,University of Otago Library,1178-5527
APL Photonics,American Institute of Physics,2378-0967
Applied Microbiology open access,OMICS Publishing Group,2471-9315
Applied Mycology and Biotechnology,Elsevier ,Applied Network Science,Springer-Verlag,2364-8228
Applied photonics,PNRPU Publishing Office,2411-4367
Applied psychology and pedagogy,Infra-M Academic Publishing House,2500-0543
Applied Statistics,JSTOR,Applied Tourism,Editora UNIVALI,2448-3524
APSP Journal of Case Reports,El-Med-Pub Publisher,2218-8185
Apuntes Revista de Ciencias Sociales,Universidad del Pacifico,0252-1865
Aquacultura Indonesiana,Indonesian Aquaculture Society,0216-0749
Arab Economic Journal,"Al Manhal FZ, LLC",1110-8274
ARC Journal of Anesthesiology,ARC Publications Pvt Ltd.,2455-9792
ARC Journal of Clinical Case Reports,ARC Publications Pvt Ltd.,2455-9806
ARC Journal of Dental Science,ARC Publications Pvt Ltd.,2456-0030
ARC Journal of Dermatology,ARC Publications Pvt Ltd.,2456-0022
ARC Journal of Forensic Science,ARC Publications Pvt Ltd.,2456-0049
ARC Journal of Gynecology and Obstetrics,ARC Publications Pvt Ltd.,2456-0561
ARC Journal of Neuroscience,ARC Publications Pvt Ltd.,2456-057X
ARC Journal of Orthopedics,ARC Publications Pvt Ltd.,2456-0588
ARC Journal of Pharmaceutical Sciences,ARC Publications Pvt Ltd.,2455-1538
ARC Journal of Urology,ARC Publications Pvt Ltd.,2456-060X
Archiv für Ohrenheilkunde,Springer-Verlag,Archives,Consortium Erudit,0044-9423
Archives of Veterinary Science,Universidade Federal do Parana,1517-784X
Area Development and Policy,Informa UK (Taylor & Francis),2379-2949
Arena Hukum,Brawijaya University,0126-0235
ARENA Journal of Architectural Research,"Ubiquity Press, Ltd.",2397-0820
ARHE,"Faculty of Philosophy, University of Novi Sad",1820-0958
Arkhiv patologii,Media Sphere Publishing Group,0004-1955
Ars Aeterna,De Gruyter Open Sp. z o.o. ,1337-9291
Art History & Criticism,Vytautas Magnus University,1822-4555
Art-e Sanat Dergisi,Art-E Sanat Dergisi,1308-2698
Artefact,Centre for Evaluation in Education and Science,2406-3134
Artes Humanae,Wydawnictwo Uniwersytetu Marii Curie-SkÅ?odowskiej w Lublinie,2449-6340
Arthropod Management Tests,Oxford University Press,2155-9856
AS - Maandblad voor de activiteitensector,Springer-Verlag,0168-2857
Asian Women,Research Institute of Asian Women,1225-9241
Assay and Drug Development Technologies,Mary Ann Liebert,1540-658X
Asthma Allergy Immunology,Turkish National Society of Allergy and Clinical Immunology,1308-9234
Astrobiology,Mary Ann Liebert,1531-1074
Atención Familiar,Elsevier ,1405-8871
Athletic Therapy Today,Human Kinetics,1078-7895
ATRIUM - Jurnal Arsitektur,Duta Wacana Christian University,2442-7756
AUC PHILOLOGICA,"Charles University in Prague, Karolinum Press",0567-8269
Australian Archaeology,Informa UK (Taylor & Francis),0312-2417
Australian Field Ornithology,"BirdLife Australia, Ltd.",2206-3447
Australian Journal of Crop Science,Southern Cross Publishing,1835-2693
Authorship,Ghent University,2034-4643
Auto Tech Review,Springer Fachmedien Wiesbaden GmbH,2250-3390
Bangladesh Heart Journal,Bangladesh Journals Online,1024-8714
Bangladesh Journal of Microbiology,Bangladesh Journals Online,1011-9981
Banks and Bank Systems,LLC CPC Business Perspectives,1816-7403
Barbastella,SECEMU,1576-9720
Baru,Pontifica Universidade Catolica de Goias -PUC Goias,2448-0460
Basic and Clinical Neuroscience Journal,Lexis Publisher,2008-126X
Bhumi The Planning Research Journal,Sri Lanka Journals Online ,2012-5720
Biblioteka Regionalisty,Wroclaw University of Economics,2081-4461
Biblos Revista da FLUC,Coimbra University Press,0870-4112
Big Data Analytics,Springer (Biomed Central Ltd.),2058-6345
Binus Business Review,Universitas Bina Nusantara,2087-1228
BIO-PROTOCOL,Bio-Protocol,2331-8325
Bioactive Materials,Elsevier ,2452-199X
BioéthiqueOnline,Consortium Erudit,1923-2799
Biographical Studies 1534–1829,Cambridge University Press,0268-4195
Biomedical Genetics and Genomics,Open Access Text,2398-5399
Biomedical Research and Clinical Practice,Open Access Text,2397-9631
Biomedical Research Reports,Elsevier ,Bioprinting,Elsevier ,2405-8866
Biosalud,Universidad de Caldas,1657-9550
Biosfera,Program Pascasarjana Universitas Jenderal Soedirman,0853-1625
Biota Colombiana,Instituto de Investigacion de Recursos Biologicos Alexander von Humboldt (IAVH),0124-5376
Biotekhnologiya,FSUE Institute for Genetics and Selection of Industrial Microorganisms (Gos NIIgenetika),0234-2758
Bitki Koruma Bülteni,Plant Protection Bulletin,0406-3597
BLDE University Journal of Health Sciences,Medknow Publications,2456-1975
Blucher Chemistry Proceedings,"Editora Edgard Blucher, Ltda.",Blucher Design Proceedings,"Editora Edgard Blucher, Ltda.",Blucher Medical Proceedings,"Editora Edgard Blucher, Ltda.",Bulletin of the Moscow State Regional University (History and political science),Moscow Regional State University,2072-8360
Bulletin of the Moscow State Regional University (Law),Moscow Regional State University,2072-8557
Bulletin of the Moscow State Regional University (Natural sciences),Moscow Regional State University,2072-8352
Bulletin of the Moscow State Regional University (Pedagogics),Moscow Regional State University,2310-7219
Bulletin of the Moscow State Regional University (Philosophical science),Moscow Regional State University,2310-7227
Bulletin of the Moscow State Regional University (Physics and mathematics),Moscow Regional State University,2072-8387
Bulletin of the Moscow State Regional University (Psychological science),Moscow Regional State University,2310-7235
Bulletin of the Moscow State Regional University (Russian philology),Moscow Regional State University,2310-7278
Bulletin of the Moskow State Regional University (Linguistics),Moscow Regional State University,2072-8379
"Bulletin of the National Technical University ""KhPI"" A series of ""Information and Modeling""",National Technical University Kharkiv Polytechnic Institute,2079-0031
"Bulletin of the South Ural State University series ""Law""",FSAEIHE South Ural State University (National Research University),1991-9778
Bulletin of the Wildlife Disease Association,Wildlife Disease Association,0098-373X
Bulletin of Ural Federal University Series Economics and Management,Ural Federal University,2412-5725
Bulletin physiology and pathology of respiration,Infra-M Academic Publishing House,1998-5029
C Q D - Revista Eletrônica Paulista de Matemática,C.Q.D.- Revista Eletronica Paulista de Matematica,2316-9664
C21 Literature Journal of 21st-century Writings,Open Library of Humanities,2045-5224
Cadernos de História da Educação,EDUFU - Editora da Universidade Federal de Uberlandia,1982-7806
Canadian Journal of Applied Sciences,Intellectual Consortium of Drug Discovery and Technology Development Incorporation,1925-7430
Canadian Journal of General Internal Medicine,"Andrew John Publishing, Inc.",1911-1606
Canadian Journal of History of Sport and Physical Education,Human Kinetics,0008-4115
Canadian Journal of University Continuing Education,Canadian Journal of University Continuing Education,0318-9090
Cancer therapy & Oncology International Journal,Juniper Publishers,2473-554X
Časopis pro právní vědu a praxi,Masaryk University Press,1210-9126
Cataract and Cornea Journal of the Egyptian Society of Cataract and Corneal Diseases,"Al Manhal FZ, LLC",1110-7499
Cellular Therapy and Transplantation,Foundation for the Development of Bone Marrow Transplantation,1866-8836
Cendekia Jurnal Kependidikan dan Kemasyarakatan,STAIN Ponorogo,1693-1505
Central European Journal of Sport Sciences and Medicine,University of Szczecin,2300-9705
Cervantes Bulletin of the Cervantes Society of America,Muse - Johns Hopkins University Press,1943-3840
CHIMERA Romance Corpora and Linguistic Studies,Servicio de Publicaciones de la Universidad Autonoma de Madrid,Chinese as a Second Language (漢語教學研究—美國中文教師學會學報),John Benjamins Publishing Company,2451-828X
Chitrolekha International Magazine on Art and Design,Aesthetics Media Services,2231-4822
CIAN-Revista de Historia de las Universidades,Universidad Carlos III de Madrid,1988-8503
Patologiya krovoobrashcheniya i kardiokhirurgiya,Institute of Circulation Pathology,1681-3472
Civil And Environmental Engineering Reports,Walter de Gruyter GmbH,2080-5187
Clínica e Investigación Relacional,Instituto de Psicoterapia Relacional (IPR),1988-2939
Clinical & Medical Biochemistry Open Access,OMICS Publishing Group,2471-2663
Clinical and Translational Degenerative Diseases,Medknow Publications,2468-5658
Cliodynamics The Journal of Quantitative History and Cultural Evolution,Cliodynamics: The Journal of Quantative History and Cultural Evolution,2373-7530
Comité de Conservation des Monuments de l Art Arabe,PERSEE Program,1110-6824
CommIT (Communication and Information Technology) Journal,Universitas Bina Nusantara,1979-2484
Communications in Science and Technology,Komunitas Ilmuwan dan Profesional Muslim Indonesia (KIPMI),2502-9258
Community and Public Health Nursing,"Red Flower Publication Private, Ltd.",2455-8621
Comparison of cadmium and lead content in milk of different animals species,Wroclaw University of Economics,Compass Journal of Learning and Teaching,"Educational Development Unit, University of Greenwich",2044-0073
Complexitas – Revista de Filosofia Temática,Universidade Federal do Para,2525-4154
Comptes nationaux trimestriels,Organisation for Economic Co-Operation and Development ,2219-5122
Computer Science and Mathematical Modelling,Index Copernicus International,2450-0054
Connection line - Revista Eletrônica do Univag,UNIVAG Centro Universitario,1980-7341
connexions international professional communication journal,Connexions . International Professional Communication Journal,2325-6044
Contemporânea Revista de Comunicação e Cultura,Universidade Federal da Bahia,1809-9386
Corpoica Ciencia y Tecnología Agropecuaria,Corporacion Colombiana de Investigacion Agropecuaria (Corpoica),0122-8706
Courrier du Centre international Blaise Pascal,OpenEdition,0249-6674
Crisis and Emergency Management,Crisis and Emergency Management:Theory and Praxis,1738-8368
Crisis and Emergency Management Theory and Praxis,Crisis and Emergency Management:Theory and Praxis,2466-1198
Critical Studies in Teaching and Learning (CriSTaL),University of the Western Cape Library Service,Revista Tecnica De La Facultad De Ingenieria Universidad Del Zulia,Facultad De Ingenieria Universidad Del Zulia,0254-0770
Revista Tempos e Espaços em Educação,Revista Tempos e Espacos em Educacao,1983-6597
Turkiye Klinikleri Journal of Health Sciences,Ortadogu Reklam Tanitim Yayincilik Turizm Egitim Insaat Sanayi ve Ticaret A.S.,2536-4391
ЧАСОПИС ПРАВОСЛАВНОГ БОГОСЛОВСКОГ ФАКУЛТЕТА СВ ВАСИЛИЈЕ ОСТРОШКИ,National and University Library of the Republic of Srpska,2303-4513
Calcutta Statistical Association Bulletin,SAGE Publications,0008-0683
Gestão em Foco,Galoa Events Proceedings,2175-733X
Tropical Life Sciences Research,Penerbit Universiti Sains Malaysia,1985-3718
Tropical Plant Research,AkiNik Publications,2349-9265
Tuberculosis and lung diseases,New Terra,2075-1230
MedEdPublish,Association for Medical Education in Europe (AMEE),Reactive Oxygen Species,American Innovative Medical Sciences and Technologies (AIMSCI) Inc.,Research in Organizational Behavior,Elsevier ,Australian Journal of Teacher Education,Edith Cowan University,Midwiferia,Muhammadiyah University of Sidoarjo,2442-9139
New South Wales Public Health Bulletin,The Sax Institute,1834-8610
Natural Products Chemistry & Research,OMICS Publishing Group,OECD Quarterly International Trade Statistics,Organisation for Economic Co-Operation and Development ,Pearl A Journal of Library and Information Science,Diva Enterprises Private Limited,PNRPU Bulletin Chemical Technology and Biotechnology,PNRPU Publishing Office,2224-9400
Polish Review of International and European Law (The),Uniwersytet Kardynala Stefana Wyszynskiego,2299-2170
Proceedings of the Mongolian Academy of Sciences,Mongolia Journals Online,2310-4716
RBOL- Revista Brasileira de Odontologia Legal,Revista Brasileira de Odontologia Legal,RESISTANT STARCH A NEW WEAPON AGAINST DISEASE FIGHTING OF POTATO EATER A FOCUSED REVIEW,BRNSS Publication Hub,1998-409X
Revista de Ciências Médicas e Biológicas,Universidade Federal da Bahia,1677-5090
Revista Ibero-Americana de Estudos Legislativos,Fundacao Getulio Vargas,2179-8419
Revista Ingenierías Universidad de Medellín,Universidad de Medellin,1692-3324
Revista Latinoamericana de Etnomatemática Perspectivas Socioculturales de la Educación Matemática,Universidad de Narino,2011-5474
Technological Learning and Industrial Innovation Working Paper Series,Fundacao Getulio Vargas,2316-7726
The European Journal for Sport Sciences Technology,"Al Manhal FZ, LLC",2409-2908
The International Journal of Acoustics and Vibration,International Institute of Acoustics and Vibration (IIAV),1027-5851
The International Journal of Environmental and Science Education,ISER Publications,The Scientific Bulletin of Electrical Engineering Faculty,Walter de Gruyter GmbH,2286-2455
Toruńskie Studia Bibliologiczne,Uniwersytet Mikolaja Kopernika/Nicolaus Copernicus University,2080-1807
trilogía Ciencia Tecnología Sociedad,Instituto Tecnologico Metropolitano (ITM),2145-4426
Фармацевтичний часопис,Ternopil State Medical University,2312-0967
مجلة الجمعية الفلسفية المصرية,"Al Manhal FZ, LLC",2536-9105
مجلة الشباب و المشكلات الاجتماعية,"Al Manhal FZ, LLC",2437-1149
American Research Journal of English and Literature,American Research Journals,International Journal of Feminist Approaches to Bioethics,University of Toronto Press Inc,Natural Products Chemistry & Research,OMICS Publishing Group,OECD Quarterly International Trade Statistics,Organisation for Economic Co-Operation and Development ,Pearl A Journal of Library and Information Science,Diva Enterprises Private Limited,RBOL- Revista Brasileira de Odontologia Legal,Revista Brasileira de Odontologia Legal,The International Journal of Environmental and Science Education,ISER Publications,American Research Journal of English and Literature,American Research Journals,International Journal of Feminist Approaches to Bioethics,University of Toronto Press Inc,Natural Products Chemistry & Research,OMICS Publishing Group,OECD Quarterly International Trade Statistics,Organisation for Economic Co-Operation and Development ,Pearl A Journal of Library and Information Science,Diva Enterprises Private Limited,RBOL- Revista Brasileira de Odontologia Legal,Revista Brasileira de Odontologia Legal,The International Journal of Environmental and Science Education,ISER Publications,American Research Journal of English and Literature,American Research Journals,International Journal of Feminist Approaches to Bioethics,University of Toronto Press Inc,Natural Products Chemistry & Research,OMICS Publishing Group,OECD Quarterly International Trade Statistics,Organisation for Economic Co-Operation and Development ,Pearl A Journal of Library and Information Science,Diva Enterprises Private Limited,RBOL- Revista Brasileira de Odontologia Legal,Revista Brasileira de Odontologia Legal,The International Journal of Environmental and Science Education,ISER Publications,American Research Journal of English and Literature,American Research Journals,International Journal of Feminist Approaches to Bioethics,University of Toronto Press Inc,Natural Products Chemistry & Research,OMICS Publishing Group,OECD Quarterly International Trade Statistics,Organisation for Economic Co-Operation and Development ,Pearl A Journal of Library and Information Science,Diva Enterprises Private Limited,RBOL- Revista Brasileira de Odontologia Legal,Revista Brasileira de Odontologia Legal,The International Journal of Environmental and Science Education,ISER Publications,American Research Journal of English and Literature,American Research Journals,International Journal of Feminist Approaches to Bioethics,University of Toronto Press Inc,Natural Products Chemistry & Research,OMICS Publishing Group,OECD Quarterly International Trade Statistics,Organisation for Economic Co-Operation and Development ,Pearl A Journal of Library and Information Science,Diva Enterprises Private Limited,RBOL- Revista Brasileira de Odontologia Legal,Revista Brasileira de Odontologia Legal,The International Journal of Environmental and Science Education,ISER Publications,American Research Journal of English and Literature,American Research Journals,International Journal of Feminist Approaches to Bioethics,University of Toronto Press Inc,Natural Products Chemistry & Research,OMICS Publishing Group,OECD Quarterly International Trade Statistics,Organisation for Economic Co-Operation and Development ,Pearl A Journal of Library and Information Science,Diva Enterprises Private Limited,RBOL- Revista Brasileira de Odontologia Legal,Revista Brasileira de Odontologia Legal,The International Journal of Environmental and Science Education,ISER Publications,American Research Journal of English and Literature,American Research Journals,Annals of Geriatric Medicine and Research,The Korean Geriatrics Society (KAMJE),2508-4798
Archives et documents de la Société d histoire et d épistémologie des sciences du langage,PERSEE Program,0247-8897
Archives of Materials Science and Engineering,Index Copernicus International,1897-2764
Asia Pacific Journal of Environmental Law,Edward Elgar Publishing,1385-2140
Asian Association of Open Universities Journal,Emerald (MCB UP ),2414-6994
Asian Review of Environmental and Earth Sciences,Asian Educational Journal Publishing Group,2518-0134
Buletin Teknik Litkayasa Akuakultur,Agency for Marine and Fisheries Research and Development,1412-9574
Canadian Bulletin of Medical History,University of Toronto Press Inc,Canadian Bulletin of Medical History,University of Toronto Press Inc,Discourse and Policy in Social Science,"cThe Institute for Social Science Research, Kyungpook National University",2005-4580
Economic and Social of Fisheries and Marine,Brawijaya University,2528-5939
IET Cyber-Physical Systems Theory & Applications,Institution of Electrical Engineers,2398-3396
Indian Journal of Plant and Soil,"Red Flower Publication Private, Ltd.",2348-9677
Indian Journal of Research in Anthropology,"Red Flower Publication Private, Ltd.",2454-9118
International Journal of Applied Science - Research and Review,Scitechnol Biosoft Pvt. Ltd.,2349-7238
International Journal of Feminist Approaches to Bioethics,University of Toronto Press Inc,International Journal of Optics and Photonics,CASRP; Center of Advanced Scientific Research and Publications,1735-8590
International Journal of Political Science,"Red Flower Publication Private, Ltd.",2454-9371
Izvestiya Vysshikh Uchebnykh Zavedenii Materialy Elektronnoi Tekhniki = Materials of Electronics Engineering,National University of Science and Technology MISiS,1609-3577
Journal of Anesthesia & Intensive Care Medicine,Juniper Publishers,2474-7653
Journal of Animal and Feed Sciences,"The Kielanowski Institute of Animal Physiology and Nutrition, PAS",1230-1388
Journal of Basic Research in Medical Sciences,CASRP; Center of Advanced Scientific Research and Publications,2383-0506
Journal of Behavior Health & Social Issues,Elsevier ,2007-0780
journal of ilam university of medical sciences,CASRP; Center of Advanced Scientific Research and Publications,1563-4728
Journal of Life Sciences Research,Asian Educational Journal Publishing Group,2518-0126
Journal of Microbiology & Microbial Technology,Avens Publishing Group,2474-4530
Jurnal Review Pembelajaran Matematika,"State Islamic University (UIN) of Sunan, Ampel",2503-1384
Kairos Journal of Philosophy & Science,Walter de Gruyter GmbH,1647-659X
Korean Association for Adult and Continuing Education,Korean Association for Adult and Continuing Education,2093-6095
Natural Products Chemistry & Research,OMICS Publishing Group,Nutrition & Food Science International journal,Juniper Publishers,2474-767X
OECD International Development Statistics,Organisation for Economic Co-Operation and Development ,2414-2689
Pearl A Journal of Library and Information Science,Diva Enterprises Private Limited,Principles and Practice of Clinical Research,Principles and Practice of Clinical Research,RBOL- Revista Brasileira de Odontologia Legal,Revista Brasileira de Odontologia Legal,Research in Molecular Medicine,CASRP; Center of Advanced Scientific Research and Publications,2322-1348
Secuencias Revista de Historia del Cine,Servicio de Publicaciones de la Universidad Autonoma de Madrid,1134-6795
Statistiques de l OCDE sur le développement international,Organisation for Economic Co-Operation and Development ,2414-2697
The Criticism and Theory Society of Korea,The Criticism and Theory Society of Korea,1598-9089
The International Journal of Environmental and Science Education,ISER Publications,The Journal of Experimental Life Sciences,Brawijaya University,2087-2852
The Turkish Online Journal of Design Art and Communication,"Turkish Online Journal of Design, Art and Communication",2146-5193
Vacinação da Grávida o Passado o Presente e o Futuro,Acta Pediatrica Portuguesa,0873-9781
Vestnik of Saint Petersburg University Law,Saint Petersburg State University,2074-1243
Vestnik Volgogradskogo gosudarstvennogo universiteta Serija 5 Jurisprudencija,Volgograd State University,2078-8495
Всероссийский криминологический журнал,Baikal State University,2500-4255
Журнал технической физики,Ioffe Institute Russian Academy of Sciences,0044-4642
Известия Байкальского государственного университета,Baikal State University,2500-2759
American Research Journal of English and Literature,American Research Journals,Canadian Bulletin of Medical History,University of Toronto Press Inc,International Journal of Feminist Approaches to Bioethics,University of Toronto Press Inc,Natural Products Chemistry & Research,OMICS Publishing Group,OECD Quarterly International Trade Statistics,Organisation for Economic Co-Operation and Development ,Pearl A Journal of Library and Information Science,Diva Enterprises Private Limited,RBOL- Revista Brasileira de Odontologia Legal,Revista Brasileira de Odontologia Legal,The International Journal of Environmental and Science Education,ISER Publications,American Research Journal of English and Literature,American Research Journals,Canadian Bulletin of Medical History,University of Toronto Press Inc,International Journal of Feminist Approaches to Bioethics,University of Toronto Press Inc,Natural Products Chemistry & Research,OMICS Publishing Group,OECD Quarterly International Trade Statistics,Organisation for Economic Co-Operation and Development ,Pearl A Journal of Library and Information Science,Diva Enterprises Private Limited,RBOL- Revista Brasileira de Odontologia Legal,Revista Brasileira de Odontologia Legal,American Research Journal of English and Literature,American Research Journals,Canadian Bulletin of Medical History,University of Toronto Press Inc,International Journal of Feminist Approaches to Bioethics,University of Toronto Press Inc,Natural Products Chemistry & Research,OMICS Publishing Group,OECD Quarterly International Trade Statistics,Organisation for Economic Co-Operation and Development ,Pearl A Journal of Library and Information Science,Diva Enterprises Private Limited,RBOL- Revista Brasileira de Odontologia Legal,Revista Brasileira de Odontologia Legal,American Research Journal of English and Literature,American Research Journals,Canadian Bulletin of Medical History,University of Toronto Press Inc,International Journal of Feminist Approaches to Bioethics,Indiana University Press,1937-4585
Natural Products Chemistry & Research,OMICS Publishing Group,OECD Quarterly International Trade Statistics,Organisation for Economic Co-Operation and Development ,Cukurova University Faculty of Education Journal,Cukurova University Faculty of Education,1302-9967
Cultura Lenguaje y Representación,Universitat Jaume I,1697-7750
Culture & Society,Vytautas Magnus University,2029-4573
Culture prospective,CAIRN,1959-6944
Current Topics in Biophysics,De Gruyter Open Sp. z o.o. ,1232-9630
Danube,De Gruyter Open Sp. z o.o. ,1804-8285
DARU Journal of Pharmaceutical Sciences,Springer (Biomed Central Ltd.),2008-2231
Décadrages,OpenEdition,2235-7823
Decision Analytics,Springer (Biomed Central Ltd.),2193-8636
Dementia and Neurocognitive Disorders,Korean Dementia Association (KAMJE),1738-1495
Dermatology Practical & Conceptual,Derm101.com,2160-9381
Devenir,CAIRN,1015-8154
Dhaka University Journal of Science,Bangladesh Journals Online,1022-2502
Diabetology & Metabolic Syndrome,Springer (Biomed Central Ltd.),1758-5996
Diaconia,"Vandenhoeck & Ruprecht GmbH & Co, KG",2196-9027
Diagnostic Pathology,Springer (Biomed Central Ltd.),1746-1596
Die Welt des Orients,"Vandenhoeck & Ruprecht GmbH & Co, KG",2196-9019
Disaster Prevention and Management,Emerald (MCB UP ),0965-3562
Disease and Molecular Medicine,ScopeMed International Medical Journal Managment and Indexing System,2147-6748
Documanta Praehistorica,University of Ljubljana,1854-2492
Documenta Praehistorica,University of Ljubljana,1408-967X
Domínios de Lingu gem,EDUFU - Editora da Universidade Federal de Uberlandia,1980-5799
Drustvena istrazivanja,Institute of Social Sciences Ivo Pilar,1330-0288
Dynamics and Control,Springer (Kluwer Academic Publishers),0925-4668
E-Learning and Digital Media,SAGE Publications,2042-7530
Earth Perspectives,Springer (Biomed Central Ltd.),2194-6434
East Asian Journal on Applied Mathematics,Global Science Press,2079-7362
Eastern European Countryside,De Gruyter Open Sp. z o.o. ,1232-8855
Ebisu,PERSEE Program,1340-3656
Ecological Chemistry and Engineering S,De Gruyter Open Sp. z o.o. ,1898-6196
Economia e Politica Industriale,Franco Angeli,1972-4977
EJNMMI Physics,Springer (Biomed Central Ltd.),2197-7364
Electronics Education,Institution of Electrical Engineers,2054-0329
Emerging Markets Finance and Trade,Informa UK (Taylor & Francis),1540-496X
Emerging Themes in Epidemiology,Springer (Biomed Central Ltd.),1742-7622
Environmental Evidence,Springer (Biomed Central Ltd.),2047-2382
Environmental Health,Springer (Biomed Central Ltd.),1476-069X
Environmental Policy and Law,Elsevier ,0378-777X
Epigenetics & Chromatin,Springer (Biomed Central Ltd.),1756-8935
EPJ Quantum Technology,Springer-Verlag,2196-0763
Equilibrium,Uniwersytet Mikolaja Kopernika/Nicolaus Copernicus University,1689-765X
Ethnomusicology,University of Illinois Press,0014-1836
EU agrarian Law,De Gruyter Open Sp. z o.o. ,1338-6891
Eurasian Business Review,EBES Aras. Dan Egt. Yayin ve Org (Eurasia Business and Economics Society),2147-4281
Eurasian Economic Review,EBES Aras. Dan Egt. Yayin ve Org (Eurasia Business and Economics Society),2147-429X
Eurasian Geography and Economics,Bellwether Publishing,1538-7216
EURASIP Journal on Advances in Signal Processing,Springer (Biomed Central Ltd.),1687-6180
European Education,Informa UK (Taylor & Francis),1056-4934
European Educational Research Journal,SAGE Publications,1474-9041
European Journal of Applied Physiology and Occupational Physiology,Springer-Verlag,0301-5548
European Journal of Medical Research,Springer (Biomed Central Ltd.),2047-783X
European Journal of Molecular Biotechnology,Academic Publishing House Researcher,2310-6255
European Journal of Pain,Wiley Blackwell (John Wiley & Sons),1090-3801
Evidence-Based Nursing,BMJ,1367-6539
EvoDevo,Springer (Biomed Central Ltd.),2041-9139
Evolutionary and Institutional Economics Review,Japan Association for Evolutionary Economics,1349-4961
Experimental & Translational Stroke Medicine,Springer (Biomed Central Ltd.),2040-7378
Experimental Hematology and Oncology,Springer (Biomed Central Ltd.),2162-3619
Extreme Physiology & Medicine,Springer (Biomed Central Ltd.),2046-7648
Facta universitatis - series Architecture and Civil Engineering,National Library of Serbia,0354-4605
Facta universitatis - series Physics Chemistry and Technology,National Library of Serbia,0354-4656
Family and Environment Research,The Korean Home Economics Association,2288-3541
Fatigue of Aircraft Structures,De Gruyter Open Sp. z o.o. ,2081-7738
FEMS Microbiology Reviews,Wiley Blackwell (Blackwell Publishing),0168-6445
Fibrogenesis & Tissue Repair,Springer (Biomed Central Ltd.),1755-1536
Filomat,National Library of Serbia,0354-5180
Financial and Quantitative Analysis,Sciknow Publications,2327-6592
Flavour,Springer (Biomed Central Ltd.),2044-7248
Fluids and Barriers of the CNS,Springer (Biomed Central Ltd.),2045-8118
Folia Biologica et Oecologica,De Gruyter Open Sp. z o.o. ,1730-2366
Folia Endocrinologica Japonica,The Japan Endocrine Society,0029-0661
Folia Forestalia Polonica Seria A - Forestry,De Gruyter Open Sp. z o.o. ,0071-6677
Folia Scandinavica Posnaniensia,De Gruyter Open Sp. z o.o. ,2299-6885
Foreign Trade Review,SAGE Publications,0015-7325
Forest Ecosystems,Springer (Biomed Central Ltd.),2197-5620
Foundations of Management,De Gruyter Open Sp. z o.o. ,2080-7279
Fractal Revista de Psicologia,SciELO,1984-0292
Framework The Journal of Cinema and Media,Muse - Johns Hopkins University Press,1559-7989
French Colonial History,Muse - Johns Hopkins University Press,1543-7787
Frontiers in Aerospace Engineering,"Science and Engineering Publishing, Co.",2325-6788
Frontiers in Zoology,Springer (Biomed Central Ltd.),1742-9994
Functional Linguistics,Springer (Biomed Central Ltd.),2196-419X
Gender Studies,De Gruyter Open Sp. z o.o. ,1583-980X
Genome Biology,Springer (Biomed Central Ltd.),1465-6906
Genome Medicine,Springer (Biomed Central Ltd.),1756-994X
GEOCHEMICAL JOURNAL,The Geochemical Society of Japan,0016-7002
Geodesy and Cartography,De Gruyter Open Sp. z o.o. ,2080-6736
Geografares,Geografares,2175-3709
Geoinformatica Polonica,De Gruyter Open Sp. z o.o. ,1642-2511
Geologia USP Série Científica,Universidade de Sao Paulo Sistema Integrado de Bibliotecas - SIBiUSP,1519-874X
Geologické výzkumy na Moravě a ve Slezsku,Masaryk University Press,1212-6209
Netherlands Journal of Geosciences – Geologie en Mijnbouw,Cambridge University Press,0016-7746
Geoscience Letters,Springer (Biomed Central Ltd.),2196-4092
Geschichte und Gesellschaft,"Vandenhoeck & Ruprecht GmbH & Co, KG",2196-9000
GigaScience,Springer (Biomed Central Ltd.),2047-217X
GIScience & Remote Sensing,Informa UK (Taylor & Francis),1548-1603
Global Studies of Childhood,SAGE Publications,2043-6106
Globalization and Health,Springer (Biomed Central Ltd.),1744-8603
Glottotheory,Oldenbourg Wissenschaftsverlag,1337-7892
Godišnjak Centra za balkanološka ispitivanja,Academy of Sciences and Arts of Bosnia anad Herzegovina,0350-0020
Göttinger Predigtmeditationen,"Vandenhoeck & Ruprecht GmbH & Co, KG",2197-0815
GRH,CAIRN,2034-9130
Gruppenpsychotherapie und Gruppendynamik,"Vandenhoeck & Ruprecht GmbH & Co, KG",2196-7989
GSTF Journal of BioSciences,Global Science and Technology Forum,2251-3159
GSTF Journal of BioSciences (JBio) Volume 2 Number 2,Global Science and Technology Forum,2251-3140
GSTF Journal on Business Review,Springer - Global Science Journals,2010-4804
GSTF Journal on Computing,Springer - Global Science Journals,2010-2283
GSTF Journal on Mobile Communications Networking and Applications,Global Science and Technology Forum,2335-6618
Gut,BMJ,0017-5749
Gut Pathogens,Springer (Biomed Central Ltd.),1757-4749
Harm Reduction Journal,Springer (Biomed Central Ltd.),1477-7517
He lth Information on the Internet,The Royal Society of Medicine,1460-4140
Head & Face Medicine,Springer (Biomed Central Ltd.),1746-160X
Health & Justice,Springer (Biomed Central Ltd.),2194-7899
Health and Quality of Life Outcomes,Springer (Biomed Central Ltd.),1477-7525
Health Information Science and Systems,Springer (Biomed Central Ltd.),2047-2501
Health Research Policy and Systems,Springer (Biomed Central Ltd.),1478-4505
Health Sociology Review,Informa UK (Taylor & Francis),1446-1242
Healthcare Management Forum,SAGE Publications,0840-4704
Heart,BMJ,1355-6037
Helia,Walter de Gruyter GmbH,1018-1806
Hematology,Maney Publishing,1024-5332
Hereditary Cancer in Clinical Practice,Springer (Biomed Central Ltd.),1897-4287
Heritage Science,Springer (Biomed Central Ltd.),2050-7445
HEROM,Leuven University Press,2294-4273
Higher Education for the Future,SAGE Publications,2347-6311
Histoire monde et cultures religieuses,CAIRN,1957-5246
History & Philosophy of the Life Sciences,Informa UK (Taylor & Francis),0391-9714
HIV Clinical Trials,Maney Publishing,1528-4336
Homiletische Monatshefte,"Vandenhoeck & Ruprecht GmbH & Co, KG",2196-8012
Hospital Practice,JTE Multimedia LLC,0018-5809
Human & Social Studies Research and Practice,De Gruyter Open Sp. z o.o. ,2285-5920
Human Resources for Health,Springer (Biomed Central Ltd.),1478-4491
Human Vaccines,Landes Bioscience,1554-8600
Hydro Nepal Journal of Water Energy and Environment,Nepal Journals Online,1998-5452
Hypertension Research in Pregnancy,Japan Society for the Study of Hypertension in Pregnancy,2187-5987
I Tatti Studies in the Italian Renaissance,The University of Chicago Press,0393-5949
Iberian Journal of Information Systems and Technologies,Academy Publisher,1646-9895
IETE Journal of Research,Medknow Publications,0377-2063
Image Processing & Communications,De Gr