"Ecology, Evolution, Behavior and Systematics"
Plant Science
Agronomy and Crop Science
Animal Science and Zoology
Ecology
Civil and Structural Engineering
Building and Construction
General Medicine
Process Chemistry and Technology
Materials Chemistry
Polymers and Plastics
Genetics
Molecular Biology
Molecular Medicine
Oncology
Business and International Management
Forestry
Food Science
Industrial and Manufacturing Engineering
General Veterinary
Complementary and alternative medicine
Clinical Neurology
Mechanical Engineering
Applied Mathematics
Education
Public Administration
Psychiatry and Mental health
Microbiology
Infectious Diseases
Virology
Pharmacology (medical)
Structural Biology
Computational Theory and Mathematics
Immunology
Immunology and Allergy
Pulmonary and Respiratory Medicine
Cognitive Neuroscience
Neurology
Sociology and Political Science
Political Science and International Relations
Hematology
Pharmacology
Radiology Nuclear Medicine and imaging
"General Biochemistry, Genetics and Molecular Biology"
Aquatic Science
Ocean Engineering
General Nursing
Biotechnology
Cell Biology
Biomedical Engineering
Cardiology and Cardiovascular Medicine
Clinical Psychology
Food Animals
Small Animals
Microbiology (medical)
Surgery
General Mathematics
Rheumatology
History
Archaeology
Anthropology
Drug Discovery
Law
Analysis
Discrete Mathematics and Combinatorics
General Engineering
Water Science and Technology
Mechanics of Materials
Acoustics and Ultrasonics
Control and Systems Engineering
Control and Optimization
Modelling and Simulation
Metals and Alloys
"Public Health, Environmental and Occupational Health"
Toxicology
Geochemistry and Petrology
Geotechnical Engineering and Engineering Geology
Language and Linguistics
Classics
Literature and Literary Theory
Linguistics and Language
Visual Arts and Performing Arts
General Materials Science
Genetics(clinical)
Behavioral Neuroscience
Biological Psychiatry
Biochemistry
Computer Science Applications
Computational Mathematics
Bioengineering
Applied Microbiology and Biotechnology
General Agricultural and Biological Sciences
Biomaterials
Radiological and Ultrasound Technology
General Psychology
Social Psychology
Physiology
Physiology (medical)
General Energy
"Renewable Energy, Sustainability and the Environment"
"Management, Monitoring, Policy and Law"
Developmental Biology
Biophysics
Cancer Research
Histology
Pathology and Forensic Medicine
Dermatology
Otorhinolaryngology
General Environmental Science
"Endocrinology, Diabetes and Metabolism"
Family Practice
Geriatrics and Gerontology
Health Policy
"Issues, ethics and legal aspects"
Health(social science)
Health Informatics
Epidemiology
Orthopedics and Sports Medicine
Nephrology
General Neuroscience
Cellular and Molecular Neuroscience
General Dentistry
"Pediatrics, Perinatology, and Child Health"
Reproductive Medicine
Urology
Obstetrics and Gynaecology
Ophthalmology
Sensory Systems
"Physical Therapy, Sports Therapy and Rehabilitation"
Computers in Earth Sciences
Geophysics
"Geography, Planning and Development"
Cultural Studies
Demography
Urban Studies
Artificial Intelligence
Computer Networks and Communications
Information Systems
"Atomic and Molecular Physics, and Optics"
Philosophy
"General Business, Management and Accounting"
Economics and Econometrics
Medicine (miscellaneous)
Nutrition and Dietetics
General Earth and Planetary Sciences
Earth and Planetary Sciences (miscellaneous)
Global and Planetary Change
General Chemical Engineering
General Chemistry
Chemical Health and Safety
"Health, Toxicology and Mutagenesis"
"General Economics, Econometrics and Finance"
Chiropractics
Physics and Astronomy (miscellaneous)
Accounting
Finance
General Computer Science
Gender Studies
"Business, Management and Accounting (miscellaneous)"
Chemical Engineering (miscellaneous)
Organic Chemistry
Library and Information Sciences
Neuropsychology and Physiological Psychology
Information Systems and Management
Nature and Landscape Conservation
Clinical Biochemistry
"Biochemistry, medical"
Advanced and Specialised Nursing
Medicalâ€“Surgical
General Physics and Astronomy
Rehabilitation
LPN and LVN
Research and Theory
Speech and Hearing
Transplantation
"Economics, Econometrics and Finance (miscellaneous)"
Computational Mechanics
Anesthesiology and Pain Medicine
Critical Care and Intensive Care Medicine
Emergency Medicine
General Arts and Humanities
Palaeontology
"General Pharmacology, Toxicology and Pharmaceutics"
Organizational Behavior and Human Resource Management
Experimental and Cognitive Psychology
Developmental and Educational Psychology
Nuclear and High Energy Physics
Radiation
Parasitology
Management Science and Operations Research
Space and Planetary Science
Astronomy and Astrophysics
Human-Computer Interaction
Statistics and Probability
Gastroenterology
Mathematics (miscellaneous)
General Health Professions
Religious studies
Materials Science (miscellaneous)
Applied Psychology
Communication
Internal Medicine
Endocrinology
Medical Laboratory Technology
"Pharmacology, Toxicology and Pharmaceutics (miscellaneous)"
Pharmaceutical Science
Electrical and Electronic Engineering
Spectroscopy
General Immunology and Microbiology
Energy Engineering and Power Technology
Environmental Engineering
Environmental Science (miscellaneous)
Chemistry (miscellaneous)
Computer Vision and Pattern Recognition
Theoretical Computer Science
Environmental Chemistry
Neuroscience (miscellaneous)
Community and Home Care
Fundamentals and skills
Nuclear Energy and Engineering
Geology
Anatomy
Instrumentation
Management of Technology and Innovation
Ageing
Architecture 
Aerospace Engineering
Insect Science
Earth-Surface Processes
Agricultural and Biological Sciences (miscellaneous)
Analytical Chemistry
Hardware and Architecture
Software
Electrochemistry
Waste Management and Disposal
Developmental Neuroscience
Pediatrics
Life-span and Life-course Studies
Algebra and Number Theory
Geometry and Topology
Signal Processing
"Electronic, Optical and Magnetic Materials"
Conservation
Music
Social Sciences (miscellaneous)
Soil Science
Ceramics and Composites
Pollution
Development
Safety Research
Industrial relations
Automotive Engineering
Human Factors and Ergonomics
Hepatology
General Social Sciences
Arts and Humanities (miscellaneous)
Condensed Matter Physics
"Safety, Risk, Reliability and Quality"
Fluid Flow and Transfer Processes
Oceanography
History and Philosophy of Science
"Statistics, Probability and Uncertainty"
Economic Geology
Embryology
Strategy and Management
General Decision Sciences
Computer Science (miscellaneous)
"Biochemistry, Genetics and Molecular Biology (miscellaneous)"
Phychiatric Mental Health
Nursing (miscellaneous)
Health Information Management
"Tourism, Leisure and Hospitality Management"
Museology
"Surfaces, Coatings and Films"
Surfaces and Interfaces
Immunology and Microbiology (miscellaneous) 
Catalysis
Atmospheric Science
Pharmacology (nursing)
Pharmacy
Physical and Theoretical Chemistry
Assessment and Diagnosis
Critical Care
Emergency
Endocrine and Autonomic Systems
Multidisciplinary
Occupational Therapy
Maternity and Midwifery
Computer Graphics and Computer-Aided Design
Transportation
Marketing
Management Information Systems
Oncology(nursing)
Mathematical Physics
Orthodontics
Inorganic Chemistry
Stratigraphy
Periodontics
Numerical Analysis
Horticulture
Gerontology
Health Professions (miscellaneous)
Statistical and Nonlinear Physics
Logic
Psychology (miscellaneous)
Veterinary (miscalleneous)
Engineering (miscellaneous)
Complementary and Manual Therapy
Energy (miscellaneous)
Leadership and Management
Fuel Technology
Optometry
Oral Surgery
Colloid and Surface Chemistry
Media Technology
Decision Sciences (miscellaneous)
Ecological Modelling
Equine
Dentistry (miscellaneous)
Podiatry
Drug guides
Care Planning
Filtration and Separation
Review and Exam Preparation
"Reviews and References, Medical"
Nurse Assisting
Dental Assisting
Dental Hygiene
Emergency Medical Services
Medical Assisting and Transcription
